date,value,drawdown
2020-03-04,100000.0,0.0
2020-03-05,101768.55719683768,0.0
2020-03-06,101688.2336834951,0.0789276330087078
2020-03-09,98879.40705673113,2.838941830057038
2020-03-10,98341.82899971711,3.367177732993396
2020-03-11,98400.75456435764,3.3092761902540566
2020-03-12,97653.90869529662,4.0431432014729545
2020-03-13,97534.89732812147,4.160086361966975
2020-03-16,97465.16322659602,4.228608608372189
2020-03-17,97669.14386855792,4.028172788527201
2020-03-18,97165.39591463254,4.523166495621869
2020-03-19,97069.34268144707,4.61755049381463
2020-03-20,97717.31007786104,3.98084362259439
2020-03-23,96395.54011316827,5.279643567390932
2020-03-24,97383.89622177726,4.308463336647027
2020-03-25,98367.95183668972,3.3415088646394016
2020-03-26,98293.38549469813,3.414779375733875
2020-03-27,98675.4864049411,3.0393187022530483
2020-03-30,97636.694789502,4.060057960086781
2020-03-31,97251.761864828,4.438301432605969
2020-04-01,96822.85893946327,4.85975078511586
2020-04-02,97863.43304261989,3.837260016042691
2020-04-03,97921.00681293319,3.7806867758404668
2020-04-07,98309.68630342245,3.3987618461812126
2020-04-08,99349.5298579499,2.376988930096512
2020-04-09,99886.99327904952,1.848865670905493
2020-04-10,99048.85214456171,2.672441397607314
2020-04-13,97552.53364269927,4.142756535286137
2020-04-14,98028.37075624267,3.675188627623803
2020-04-15,98088.19300276609,3.6164059857438486
2020-04-16,97601.09127968484,4.095042743990411
2020-04-17,97552.37641340285,4.142911032215991
2020-04-20,97430.34499430761,4.262821761479063
2020-04-21,96682.23058989368,4.997935263154198
2020-04-22,96811.70788102914,4.870708057913354
2020-04-23,96293.60676633468,5.379805493275801
2020-04-24,95312.83788387687,6.34353035041496
2020-04-27,95324.88487264325,6.331692716966863
2020-04-28,94012.37445570162,7.62139402854487
2020-04-29,94125.53024588748,7.5102046854877615
2020-04-30,95096.9590317283,6.555657610636429
2020-05-06,95702.22462519413,5.960910460693898
2020-05-07,95536.87530687824,6.123386300845659
2020-05-08,96476.47954744166,5.2001107170658205
2020-05-11,96388.8017879717,5.286264792435468
2020-05-12,96335.09608266657,5.3390371877453955
2020-05-13,96105.6521091493,5.56449383156268
2020-05-14,96177.97919091166,5.493423666322484
2020-05-15,96689.48797995414,4.9908039936733655
2020-05-18,97001.71195235002,4.684005920677221
2020-05-19,96665.69442680723,5.014184057027207
2020-05-20,96447.61890720038,5.228469810518882
2020-05-21,96341.5308421266,5.332714253002811
2020-05-22,96187.95904628074,5.4836172431560675
2020-05-25,96101.41755323525,5.568654798398303
2020-05-26,97010.0269311521,4.675835441473119
2020-05-27,96915.53770080517,4.768682616425365
2020-05-28,97097.03559023316,4.590338838713213
2020-05-29,97571.17621051494,4.1244379422656925
2020-06-01,97541.78887890207,4.1533145741275685
2020-06-02,97377.30733364448,4.3149377215791445
2020-06-03,97843.25141390137,3.8570909238146136
2020-06-04,98183.44957625019,3.522804802718464
2020-06-05,98178.2994792665,3.527865400142216
2020-06-08,97724.17606541602,3.974096953737035
2020-06-09,97661.43437025147,4.035748309413808
2020-06-10,97528.85432701182,4.166024346425139
2020-06-11,97329.27804025235,4.362132350956893
2020-06-12,96917.43861765982,4.766814734137351
2020-06-15,96843.32927448323,4.839636188246453
2020-06-16,97464.87739579254,4.228889471942776
2020-06-17,97341.87261642344,4.34975664620289
2020-06-18,97214.97534554549,4.474448667366663
2020-06-19,96692.93193754848,4.987419885959547
2020-06-22,96341.93442905729,5.33231767969784
2020-06-23,95720.86327831805,5.942595714334789
2020-06-24,95069.9713563781,6.582176288009444
2020-06-29,94497.7581883049,7.14444540514593
2020-06-30,94682.35240775347,6.963059106142463
2020-07-01,95025.9592305586,6.625423561068816
2020-07-02,95468.13741792474,6.190929647088204
2020-07-03,95943.53151160781,5.723797060386023
2020-07-06,97447.05470914522,4.2464024318768105
2020-07-07,97174.25921196502,4.514457226691836
2020-07-08,98063.58016581507,3.640591095200993
2020-07-09,98990.18566897065,2.7300883538057685
2020-07-10,99177.30564287004,2.546220193488366
2020-07-13,100326.83861738206,1.4166640651759315
2020-07-14,100541.15351592246,1.2060735798201496
2020-07-15,100672.60848209077,1.0769030680342195
2020-07-16,99361.53689521772,2.365190553860723
2020-07-17,98970.16211432658,2.7497639345505545
2020-07-20,100307.98450089083,1.4351905305308092
2020-07-21,100777.44056915224,0.9738927768902598
2020-07-22,100855.12898329279,0.8975544497286752
2020-07-23,100087.30946481305,1.652030625503324
2020-07-24,99703.5646857747,2.029106600252693
2020-07-27,99517.09762291552,2.2123331959668544
2020-07-28,100032.22135518842,1.706161401395214
2020-07-29,100592.37452666843,1.1557426994806568
2020-07-30,101352.24457740565,0.4090778437850916
2020-07-31,103197.34947116315,0.0
2020-08-03,103811.11417687697,0.0
2020-08-04,103677.80898891957,0.12841128718672165
2020-08-05,104041.38948084213,0.0
2020-08-06,103714.04452365119,0.31462955158938977
2020-08-07,103290.88444750973,0.7213523743553993
2020-08-10,103687.0959152172,0.3405313667885707
2020-08-11,103313.63320977936,0.6994872662641389
2020-08-12,103444.93957807377,0.5732813697938854
2020-08-13,103643.08912860285,0.38282875135248423
2020-08-14,103545.47300897201,0.47665306503950317
2020-08-17,103988.94119764428,0.050410979187769
2020-08-18,104314.09677877615,0.0
2020-08-19,104411.25621000385,0.0
2020-08-20,103558.24279737014,0.8169745711305579
2020-08-21,104098.37118402334,0.29966599132874516
2020-08-24,104387.03923980537,0.023193830892882107
2020-08-25,104334.41094886922,0.07359863670260731
2020-08-26,103266.6523309463,1.0962456736995834
2020-08-27,104033.15988028035,0.36212219203936097
2020-08-28,104278.43026618869,0.12721419953803006
2020-08-31,104268.33799058694,0.1368800880332846
2020-09-01,104143.95451064664,0.25600850814358694
2020-09-02,104148.19350920069,0.2519486024323441
2020-09-03,104165.7550240301,0.23512904152782374
2020-09-04,104251.93458011933,0.15259047316131888
2020-09-07,103841.68917795041,0.5455034760886917
2020-09-08,103966.90564555151,0.4255772610939674
2020-09-09,104623.07009916952,0.0
2020-09-10,103562.71885540168,1.0134965861379943
2020-09-11,103799.08847843527,0.787571632101047
2020-09-14,103441.71185653908,1.1291565440687752
2020-09-15,103334.6189947042,1.2315172009806532
2020-09-16,103750.48683885598,0.8340256689910129
2020-09-17,103502.58780540057,1.0709705734183383
2020-09-18,104125.48147179208,0.47560124827706374
2020-09-21,103969.25930061689,0.6249202952397582
2020-09-22,103508.33878610934,1.065473716268848
2020-09-23,103588.00241905541,0.9893302491821305
2020-09-24,102273.68939999826,2.2455665819635624
2020-09-25,102046.28554554118,2.462921945595627
2020-09-28,101944.54352144529,2.5601682068642457
2020-09-29,101790.12308483243,2.7077651340682394
2020-09-30,102254.91979878533,2.26350679457168
2020-10-09,102925.85077779656,1.6222228230964852
2020-10-12,103657.6580472083,0.9227525545237102
2020-10-13,103611.47083956409,0.9668988480710408
2020-10-14,102994.80677807282,1.5563138412525215
2020-10-15,102470.10767248942,2.057827613584039
2020-10-16,103114.90674965497,1.4415208310031444
2020-10-19,102679.02787404752,1.8581391496916435
2020-10-20,103165.32217201989,1.393333158516439
2020-10-21,102471.1073251965,2.0568721333958466
2020-10-22,101834.75105531764,2.665109178318801
2020-10-23,101673.19796236699,2.8195235850051246
2020-10-26,101277.52497557005,3.1977126272707475
2020-10-27,100742.96108237925,3.708655283306461
2020-10-28,101072.88403100724,3.3933109253983353
2020-10-29,100546.71868556713,3.8962261475776985
2020-10-30,99902.47020607996,4.512006662216109
2020-11-02,98832.78857958445,5.534421341389248
2020-11-03,99961.27417649417,4.4558011137090014
2020-11-04,99894.67188098795,4.5194603959715955
2020-11-05,100374.3651151229,4.060963781716005
2020-11-06,99805.42013346747,4.60476829932014
2020-11-09,100843.92393296743,3.6121537655317635
2020-11-10,100982.0427719802,3.4801381031335517
2020-11-11,100840.70288088702,3.6152324861976304
2020-11-12,100672.60654386913,3.7759010049655846
2020-11-13,100944.52675525784,3.5159963671730132
2020-11-16,101415.08044557707,3.066235439804699
2020-11-17,102284.46979265923,2.2352625518383142
2020-11-18,102303.11733500086,2.2174390045805716
2020-11-19,102255.68399214873,2.2627763692814677
2020-11-20,102505.75482510615,2.0237556325353654
2020-11-23,103688.07193876259,0.8936825879040557
2020-11-24,104286.5776099813,0.32162360449686006
2020-11-25,104548.3431496848,0.07142492512777679
2020-11-26,104558.1641161278,0.0620379262243039
2020-11-27,104443.66881720451,0.1714739223337252
2020-11-30,105049.50737443306,0.0
2020-12-01,105359.69551885691,0.0
2020-12-02,105214.61642907216,0.13769885065658868
2020-12-03,105245.80552945324,0.10809635396420586
2020-12-04,105126.3262980052,0.22149762269382148
2020-12-07,104844.94956351529,0.48856059502326404
2020-12-08,105367.50858996442,0.0
2020-12-09,105618.05162259797,0.0
2020-12-10,105445.05141092135,0.16379795784795256
2020-12-11,105582.3655222852,0.033787879784306876
2020-12-14,105459.96637468546,0.1496763531270052
2020-12-15,104690.96584509485,0.877772088445494
2020-12-16,103972.66716609415,1.557862913797371
2020-12-17,103821.621565835,1.700874073290144
2020-12-18,104012.69996285067,1.5199595477141066
2020-12-21,104479.99700712954,1.077519039581421
2020-12-22,103942.00893577341,1.5868903668224372
2020-12-23,103772.14893577341,1.7477151476155508
2020-12-24,104239.4294256426,1.3052903133278444
2020-12-25,105634.19007059348,0.0
2020-12-28,106719.22187319174,0.0
2020-12-29,105823.14189867949,0.839661270747466
2020-12-30,105941.29184384484,0.7289502450376445
2020-12-31,106436.05006303696,0.26534283626172855
2021-01-04,106975.80112175699,0.0
2021-01-05,106411.20710774953,0.5277773179420707
2021-01-06,105909.97074912483,0.9963284793904572
2021-01-07,104232.37483079045,2.564529792905264
2021-01-08,103966.00423098105,2.813530592166601
2021-01-11,102581.92062582012,4.107359281129266
2021-01-12,102487.90270871548,4.19524636972197
2021-01-13,102222.52145426207,4.443322337997604
2021-01-14,102106.1184738354,4.552134778947848
2021-01-15,103303.48463042213,3.4328478523429116
2021-01-18,103325.8986695688,3.4118954136496336
2021-01-19,103348.39291532533,3.3908679985514127
2021-01-20,103338.61056019564,3.400012454612607
2021-01-21,103309.23111246352,3.427476093514158
2021-01-22,102721.06306875494,3.977290198705235
2021-01-25,101943.24545846944,4.704386983332457
2021-01-26,101946.92476000311,4.700947605926453
2021-01-27,102377.29072085643,4.298645443810846
2021-01-28,102164.78370128309,4.497295061149512
2021-01-29,102134.39754469634,4.525699762276411
2021-02-01,102631.01158384304,4.061469502779258
2021-02-02,102364.14959176365,4.31092965103807
2021-02-03,101605.85991369167,5.019771903323622
2021-02-04,100356.72733660563,6.187449606119521
2021-02-05,99582.63547799631,6.91106359217256
2021-02-08,100007.59760051825,6.513812888680983
2021-02-09,100277.10911741752,6.261875988865176
2021-02-10,101224.90453329819,5.375885506959914
2021-02-18,101831.9145020729,4.8084581426312
2021-02-19,103205.99884049839,3.5239766767139336
2021-02-22,103848.17754232956,2.923673902537685
2021-02-23,104634.89377893976,2.1882587634495665
2021-02-24,104451.76317290688,2.359447578221278
2021-02-25,104868.07256687399,1.9702853662054252
2021-02-26,105121.27978647282,1.7335895743126064
2021-03-01,106463.34336864027,0.4790408183374578
2021-03-02,107244.46551069384,0.0
2021-03-03,107668.47859251048,0.0
2021-03-04,108200.3894669078,0.0
2021-03-05,109279.53139774449,0.0
2021-03-08,108342.73747889252,0.8572455489787193
2021-03-09,107271.98121746551,1.8370779546739675
2021-03-10,106929.09565836345,2.1508471982975097
2021-03-11,107326.71004170759,1.7869964585858482
2021-03-12,107531.84710896271,1.5992787180068821
2021-03-15,107891.30916384741,1.2703405808397599
2021-03-16,108308.7740403396,0.8883249635026562
2021-03-17,108801.53894114675,0.4374034647513207
2021-03-18,109044.83598944961,0.21476611886324734
2021-03-19,108235.42691136734,0.9554437807542641
2021-03-22,108979.1758313986,0.274850708549142
2021-03-23,108878.25060888796,0.367205810387298
2021-03-24,109264.38156530242,0.013863376103734679
2021-03-25,109379.03644504971,0.0
2021-03-26,109412.8299000682,0.0
2021-03-29,109815.70293748606,0.0
2021-03-30,108951.8005226696,0.7866838636986624
2021-03-31,109632.04066442166,0.16724591124181323
2021-04-01,109728.00957003585,0.07985503448457415
2021-04-02,110355.96227029734,0.0
2021-04-06,111403.38138131244,0.0
2021-04-07,111436.07092466572,0.0
2021-04-08,111675.7606364805,0.0
2021-04-09,111164.9671730068,0.457389733065176
2021-04-12,110803.40140493754,0.7811536062714645
2021-04-13,111049.07655554879,0.5611639243467055
2021-04-14,111349.57092418455,0.29208640302683053
2021-04-15,111286.2509985127,0.348786196528095
2021-04-16,111808.50813068656,0.0
2021-04-19,111868.02166848842,0.0
2021-04-20,111415.75422671207,0.4042866183122512
2021-04-21,111536.41272179896,0.2964287217594303
2021-04-22,111530.00455576465,0.3021570487100018
2021-04-23,111213.83895273099,0.5847808033077101
2021-04-26,110913.91398298688,0.8528868851627326
2021-04-27,110323.89045405257,1.38031511722962
2021-04-28,110191.4485261061,1.4987063482276475
2021-04-29,111458.86159073062,0.3657524926741894
2021-04-30,111910.06726270061,0.0
2021-05-06,113450.0687211384,0.0
2021-05-07,113452.80292051815,0.0
2021-05-10,112918.85421067769,0.4706350976754041
2021-05-11,112938.60921348014,0.4532225681530652
2021-05-12,114209.36240752226,0.0
2021-05-13,115732.45199111069,0.0
2021-05-14,116977.55656854824,0.0
2021-05-17,116159.10053390483,0.6996692858461311
2021-05-18,115551.34566939183,1.2192175499243432
2021-05-19,115074.7003257151,1.6266848946516383
2021-05-20,114966.03594902222,1.719578249480091
2021-05-21,114633.31421218596,2.0040103632944093
2021-05-24,114979.67349154051,1.707919993898132
2021-05-25,114874.48402367262,1.7978427713552367
2021-05-26,114990.48404827608,1.6986784290606651
2021-05-27,115257.18261636,1.4706872007367566
2021-05-28,115179.72476589422,1.5369031935630333
2021-05-31,114909.42638866384,1.7679717721514325
2021-06-01,116462.37414166384,0.44041134213853433
2021-06-02,116542.19414166384,0.37217603073225375
2021-06-03,116109.34251889423,0.7422056633104999
2021-06-04,115423.84550105114,1.3282129607371633
2021-06-07,116036.43765058537,0.8045294717806659
2021-06-08,115683.31377023552,1.1064026607140727
2021-06-09,116159.02448377092,0.6997342984315713
2021-06-10,115660.58096633133,1.1258361354514836
2021-06-11,115158.07582612212,1.555410110964249
2021-06-15,114395.61398040873,2.207211933535737
2021-06-16,113817.8974189643,2.701081508513468
2021-06-17,113494.66252101958,2.9774036573312315
2021-06-18,113886.50274344676,2.6424332288819343
2021-06-21,114391.69337777427,2.2105635188735318
2021-06-22,114764.30993014626,1.8920267300206666
2021-06-23,114894.66213757306,1.7805932112752048
2021-06-24,114210.39098834907,2.3655525567228173
2021-06-25,114397.35544681168,2.205723215140488
2021-06-28,114549.894095609,2.0753232877767043
2021-06-29,114193.08259309796,2.3803488952332437
2021-06-30,114089.82777686234,2.4686178070352427
2021-07-01,113299.44590361403,3.144287479435303
2021-07-02,113340.4693735169,3.109217957463516
2021-07-05,114046.18476103971,2.5059266867065784
2021-07-06,114401.05049178895,2.202564451112873
2021-07-07,114303.1056801389,2.2862940267025693
2021-07-08,113404.98285063218,3.054067654270548
2021-07-09,113777.11399728745,2.7359458216973005
2021-07-12,113904.37412574081,2.6271556125439868
2021-07-13,114102.6447379427,2.4576610376716688
2021-07-14,113649.80656545654,2.844776468844821
2021-07-15,113165.83400474867,3.258507593775839
2021-07-16,113066.71018225432,3.343245064280505
2021-07-19,112726.56922977485,3.634019604677193
2021-07-20,113077.60308426485,3.3339331053628594
2021-07-21,112819.1117657228,3.554908244632905
2021-07-22,112935.70475929728,3.455236994014709
2021-07-23,112446.92463095015,3.873077939479074
2021-07-26,111034.52314114224,5.080490310911404
2021-07-27,111060.82553792658,5.058005316733124
2021-07-28,109902.01352377079,6.048632962025689
2021-07-29,110466.74826017782,5.565861092811531
2021-07-30,110507.50107900296,5.53102294092958
2021-08-02,111282.70510632158,4.868328275338452
2021-08-03,111715.39610467374,4.49843595492688
2021-08-04,111602.89840899617,4.594606279369963
2021-08-05,111164.4136316886,4.969451497692356
2021-08-06,111273.76152741714,4.875973826473891
2021-08-09,112802.70382952693,3.568934812358532
2021-08-10,113931.89332796333,2.6036304141813438
2021-08-11,113949.88068203192,2.588253657651095
2021-08-12,113989.18756078638,2.5546515890940995
2021-08-13,113915.98839684346,2.6172269805539337
2021-08-16,114413.86386010298,2.1916107530789044
2021-08-17,113800.96953088304,2.7155525648236107
2021-08-18,113870.60246965183,2.6560258138711896
2021-08-19,113817.35498241826,2.7015452184437843
2021-08-20,114129.52639197357,2.434680856840892
2021-08-23,114972.26566070615,1.7142526880077225
2021-08-24,115200.14659404424,1.5194452907404055
2021-08-25,116240.63944965744,0.6299645338026684
2021-08-26,116850.41554983762,0.1086883864223297
2021-08-27,116196.75217212112,0.6674822242244158
2021-08-30,116613.1821721211,0.31149085954246286
2021-08-31,117086.27825986563,0.0
2021-09-01,117792.87409722962,0.0
2021-09-02,117607.33423457532,0.15751365613267312
2021-09-03,118027.86586618645,0.0
2021-09-06,118456.62013489308,0.0
2021-09-07,119042.60144155312,0.0
2021-09-08,120347.48066106881,0.0
2021-09-09,120297.46257106506,0.04156139349906017
2021-09-10,119503.42566237053,0.7013482908506982
2021-09-13,120298.59740532484,0.040618428799222735
2021-09-14,119440.36647681231,0.7537458858911865
2021-09-15,119510.86826963167,0.6951640257374972
2021-09-16,118987.14887386504,1.1303367380284737
2021-09-17,119301.047287169,0.869509995682295
2021-09-22,119250.09080396534,0.9118511256534019
2021-09-23,120006.64215686565,0.28321199773433764
2021-09-24,118676.06837322397,1.3888219999818614
2021-09-27,118064.46693708918,1.8970182935604758
2021-09-28,117569.95090964297,2.307925131601317
2021-09-29,116173.91692879391,3.467927794873234
2021-09-30,117359.40278896508,2.4828753004967123
2021-10-08,118878.67449448095,1.2204710547488902
2021-10-11,118991.8098661646,1.1264637925592644
2021-10-12,118238.0621967456,1.7527732635001392
2021-10-13,118111.78337591188,1.8577017756219265
2021-10-14,117885.20733578812,2.045969979392526
2021-10-15,117114.71917342104,2.6861895819423998
2021-10-18,116953.85061342377,2.819859650575009
2021-10-19,116580.9592333552,3.1297052560004626
2021-10-20,116180.79371003133,3.4622136900164984
2021-10-21,116506.5898135256,3.1915008327928382
2021-10-22,116005.23533684947,3.60808992458121
2021-10-25,115034.79057008814,4.414458916628799
2021-10-26,114777.92464806337,4.627895808380749
2021-10-27,113981.76451806843,5.289446948148389
2021-10-28,113332.77780807015,5.828707684171607
2021-10-29,114417.74586006811,4.9271781747558485
2021-11-01,114370.87317606878,4.966125964723582
2021-11-02,113068.51081873097,6.048294324363464
2021-11-03,114139.6291649657,5.1582729127384885
2021-11-04,114057.19433667138,5.226770257129505
2021-11-05,114012.90562949647,5.263570950365156
2021-11-08,114654.35287919908,4.730574957279846
2021-11-09,114324.9285956715,5.004302568126414
2021-11-10,114600.27549376032,4.775509329932866
2021-11-11,114807.0817674188,4.60366836365547
2021-11-12,114836.37812486321,4.579325222209143
2021-11-15,115444.8295140453,4.073746388452211
2021-11-16,115431.40543518608,4.08490082125419
2021-11-17,115709.36969761678,3.853932743730802
2021-11-18,115395.98783563834,4.1143302695095185
2021-11-19,115930.6437126677,3.6700701370227415
2021-11-22,115711.11523968686,3.852482325275439
2021-11-23,116036.2577108675,3.582312588946404
2021-11-24,116225.78290388244,3.4248309433200252
2021-11-25,116593.17843882914,3.1195519853155904
2021-11-26,116343.77855419418,3.3267851432221813
2021-11-29,115688.18163275029,3.8715384840006513
2021-11-30,116417.72080376769,3.2653445138319026
2021-12-01,118043.36004311632,1.914556586723671
2021-12-02,118197.02425924642,1.7868728036598118
2021-12-03,116798.38367709347,2.9490413629601098
2021-12-06,116439.38198717633,3.2473456464774295
2021-12-07,116770.66465103958,2.9720738567868445
2021-12-08,116558.98630150464,3.1479631636274927
2021-12-09,117081.83365357149,2.713515056201523
2021-12-10,117120.46064677855,2.6814188353293624
2021-12-13,117603.24957707713,2.2802563617598075
2021-12-14,117085.99606568084,2.7100563945939147
2021-12-15,117794.3030896397,2.1215047937892075
2021-12-16,119692.93837679295,0.5438770140267623
2021-12-17,119326.54059711669,0.8483269099976953
2021-12-20,120915.39156825094,0.0
2021-12-21,121969.99545264742,0.0
2021-12-22,121444.03206786522,0.43122358316918397
2021-12-23,120899.27896672314,0.8778523619277844
2021-12-24,119984.85051821181,1.62756826141418
2021-12-27,120964.46895273884,0.8244048023261217
2021-12-28,120868.52418082987,0.9030674041839816
2021-12-29,120307.68834221573,1.3628819975459057
2021-12-30,121344.7597289893,0.5126143699012039
2021-12-31,121311.36090686562,0.5399971881096756
2022-01-04,122651.93248639387,0.0
2022-01-05,122715.49009389064,0.0
2022-01-06,122403.75217068067,0.2540330670328983
2022-01-07,121587.11030250706,0.9195088497142786
2022-01-10,121831.16548852193,0.7206299748239603
2022-01-11,121757.90252799244,0.7803314521789699
2022-01-12,121961.17730904679,0.6146842458655499
2022-01-13,121547.09302826805,0.9521186483700113
2022-01-14,120780.23239240833,1.5770280508203343
2022-01-17,120652.35969535931,1.68123062292528
2022-01-18,119205.29301500661,2.8604352035740113
2022-01-19,119641.2010001964,2.5052168160206003
2022-01-20,117973.20684099791,3.864453663726042
2022-01-21,117581.56417792183,4.183600547934739
2022-01-24,117316.80577549919,4.399350329987574
2022-01-25,114581.67202121012,6.628191817069926
2022-01-26,115874.87628929531,5.574368646828136
2022-01-27,114531.16606416233,6.669348770449771
2022-01-28,117810.75004870977,3.996838574680513
2022-02-07,118812.78588842091,3.180286533088636
2022-02-08,120163.84202718918,2.079320275499994
2022-02-09,120104.85812790898,2.1273858450829923
2022-02-10,120557.33594309166,1.7586648182293478
2022-02-11,119906.6443433662,2.2889088805132576
2022-02-14,119896.87956507766,2.296866130474999
2022-02-15,120266.99092378083,1.9952649565563707
2022-02-16,120897.45441808323,1.4815046367955755
2022-02-17,120380.41132266112,1.9028394617850812
2022-02-18,120782.2720312445,1.57536596330831
2022-02-21,121194.6965963055,1.23928405160715
2022-02-22,120729.35000033311,1.6184917584877914
2022-02-23,120947.99386932247,1.4403203892319063
2022-02-24,120592.68547203395,1.7298587327749033
2022-02-25,121299.5223773148,1.1538622512059924
2022-02-28,121128.940425965,1.2928682978096324
2022-03-01,121610.87812130369,0.9001406193641915
2022-03-02,123741.86932372187,0.0
2022-03-03,124091.64986320562,0.0
2022-03-04,124717.32822459911,0.0
2022-03-07,124905.29588710387,0.0
2022-03-08,123046.86797965025,1.4878695849160506
2022-03-09,122746.18826337317,1.728595739993456
2022-03-10,123659.322611952,0.9975343849936137
2022-03-11,124478.8260232781,0.3414345731274958
2022-03-14,123225.25351596656,1.3450529532837645
2022-03-15,120284.10094619359,3.699759011889429
2022-03-16,121298.53649914432,2.887595247538211
2022-03-17,121861.76294015597,2.4366724607888623
2022-03-18,123062.66465030008,1.475222666674806
2022-03-21,123511.21365323724,1.116111389805825
2022-03-22,124724.0743985454,0.14508711361787793
2022-03-23,125131.88397428708,0.0
2022-03-24,125373.90440454533,0.0
2022-03-25,125250.57793774019,0.09836693480263858
2022-03-28,125068.73858901837,0.24340457208885108
2022-03-29,124284.53708880153,0.8688947839007464
2022-03-30,124745.54714580372,0.5011866398561583
2022-03-31,123913.13126317275,1.1651333252405482
2022-04-01,124152.7688876137,0.9739949654845129
2022-04-06,125579.48805814571,0.0
2022-04-07,125599.9025468142,0.0
2022-04-08,124549.33764490936,0.8364376728025499
2022-04-11,121985.9890976134,2.8773218576772432
2022-04-12,122518.69305006586,2.453194177917375
2022-04-13,121478.94526908723,3.281019486612257
2022-04-14,121423.52875795579,3.3251409469062096
2022-04-15,120348.044832874,4.181418621708489
2022-04-18,120632.78372832343,3.954715503572474
2022-04-19,121146.21506002625,3.545932278990386
2022-04-20,121213.10363477585,3.4926770029963103
2022-04-21,118503.30710911022,5.6501599872332
2022-04-22,118583.12417289439,5.58661132026316
2022-04-25,114652.73686403772,8.715903006928052
2022-04-26,112378.83843395137,10.526333098017345
2022-04-27,114417.86508112364,8.90290297918244
2022-04-28,115095.13968835978,8.36367118560386
2022-04-29,117360.86375975006,6.559749346933806
2022-05-05,116309.89588640888,7.39650785711614
2022-05-06,115134.04756681982,8.332693551329392
2022-05-09,116317.29375678423,7.3906178283618615
2022-05-10,116461.33220315761,7.275937447682672
2022-05-11,116279.85859050203,7.420422920183688
2022-05-12,116627.37315530813,7.143739134798922
2022-05-13,117153.4572889222,6.724882015528477
2022-05-16,117155.11497663413,6.723562199447168
2022-05-17,117077.6853190302,6.785210063843447
2022-05-18,117761.10784630812,6.241083425669356
2022-05-19,118111.45791002447,5.9621420757063115
2022-05-20,118808.16098367519,5.407441745910246
2022-05-23,119974.2717646577,4.479008875074326
2022-05-24,118336.78712406667,5.78273969602834
2022-05-25,120877.19272308705,3.7601222038901545
2022-05-26,122872.30454023389,2.171656148828358
2022-05-27,122071.15573300996,2.809513974335286
2022-05-30,121123.45111876939,3.5640564501045975
2022-05-31,121181.71898846046,3.5176647981131834
2022-06-01,121481.79395479462,3.2787514229835244
2022-06-02,121828.96368546784,3.0023421872806346
2022-06-06,122152.76375279952,2.744539385872411
2022-06-07,121430.30559828933,3.3197453692058136
2022-06-08,123141.3543558179,1.9574443460097037
2022-06-09,124142.02024759955,1.1607352152771542
2022-06-10,125321.25132978323,0.22185623665361703
2022-06-13,124043.12257225464,1.2394754637483247
2022-06-14,123948.28552116232,1.3149827286181874
2022-06-15,123556.66729571215,1.6267809207419517
2022-06-16,124227.40104843474,1.0927568179186307
2022-06-17,123811.5995585738,1.4238092163915996
2022-06-20,125743.56801778753,0.0
2022-06-21,125357.53918326694,0.30699688310577017
2022-06-22,125703.81209832962,0.03161666245408608
2022-06-23,126550.5301359954,0.0
2022-06-24,126693.30536243718,0.0
2022-06-27,128619.5590960363,0.0
2022-06-28,128859.46251941075,0.0
2022-06-29,128554.54251941075,0.23662988657434966
2022-06-30,129151.64251941074,0.0
2022-07-01,128605.72251941075,0.422696908340093
2022-07-04,128671.06251941074,0.3721052172664187
2022-07-05,129164.78165398893,0.0
2022-07-06,128721.15190684574,0.34346030044908105
2022-07-07,129049.82474831496,0.08900019355269889
2022-07-08,128938.17285801392,0.17544162818473402
2022-07-11,128205.35348815829,0.742793936199104
2022-07-12,127428.4194566985,1.3443000290449634
2022-07-13,129299.67841982213,0.0
2022-07-14,129895.1222159176,0.0
2022-07-15,130108.57909263563,0.0
2022-07-18,130159.18088805446,0.0
2022-07-19,129612.26459167604,0.4201903335952942
2022-07-20,129837.8465844595,0.24687793930673235
2022-07-21,130142.58358015965,0.012751546054270035
2022-07-22,129518.58907888309,0.49216029541728595
2022-07-25,129910.81873538959,0.19081416383410704
2022-07-26,131586.2378985387,0.0
2022-07-27,131411.46892044076,0.13281706422270362
2022-07-28,131773.21240013203,0.0
2022-07-29,131975.47501734865,0.0
2022-08-01,131776.15747890418,0.15102619514593577
2022-08-02,128783.27640367775,2.4187816814080616
2022-08-03,129473.90844109951,1.8954783651434486
2022-08-04,129601.50783234205,1.7987941961902703
2022-08-05,129982.11760692458,1.5103998755541777
2022-08-08,131213.2183398145,0.5775744905892088
2022-08-09,131058.22020948507,0.6950191372624435
2022-08-10,130610.15754413551,1.0345236287527428
2022-08-11,131271.375470771,0.5335078706745391
2022-08-12,131357.58871455843,0.46818267008245495
2022-08-15,131838.762032834,0.10358968929392687
2022-08-16,132799.1625521261,0.0
2022-08-17,133173.47496541328,0.0
2022-08-18,132589.60557197063,0.4384276925974026
2022-08-19,132136.26673501031,0.7788399534309187
2022-08-22,132624.92441099545,0.4119067663889491
2022-08-23,132951.31413069047,0.1668206335987709
2022-08-24,131603.75514759778,1.1787030549613342
2022-08-25,131911.2495989399,0.9478053845190925
2022-08-26,132082.67607809298,0.8190811928603596
2022-08-29,132869.8110040191,0.22802135445743324
2022-08-30,133367.86370132244,0.0
2022-08-31,132209.4577911608,0.8685794898506405
2022-09-01,132517.12637010406,0.6378877996603477
2022-09-02,133534.87717714434,0.0
2022-09-05,134101.00826640247,0.0
2022-09-06,135072.55247816636,0.0
2022-09-07,135107.88872594916,0.0
2022-09-08,134399.20228395128,0.5245337253662294
2022-09-09,134373.45220007084,0.5435926301594735
2022-09-13,134252.10437466708,0.6334081298671937
2022-09-14,133490.37579549997,1.197200952292375
2022-09-15,131677.0165811447,2.539357381095328
2022-09-16,129348.27916539948,4.262970589550391
2022-09-19,128414.38275730656,4.954193298231167
2022-09-20,130033.5814827743,3.7557446060514708
2022-09-21,130258.74916419937,3.5890869197029005
2022-09-22,129327.8722808724,4.278074729448894
2022-09-23,128293.72226512988,5.043500068779133
2022-09-26,126623.412540399,6.2797785277808185
2022-09-27,128245.68863971959,5.079052119709126
2022-09-28,126988.3018827158,6.00970596150978
2022-09-29,126516.4681499306,6.358933336191249
2022-09-30,126355.62581652669,6.477980665640796
2022-10-10,125364.06329043767,7.21188490723567
2022-10-11,125668.93890313785,6.986231456815327
2022-10-12,126981.27095475,6.01490989743987
2022-10-13,127561.20898898238,5.585669207128497
2022-10-14,128902.34961199842,4.593025005769992
2022-10-17,130290.68288608565,3.5654511999922236
2022-10-18,131005.41820979654,3.0364403994751274
2022-10-19,130699.23089956398,3.2630647018159245
2022-10-20,129990.28256783303,3.787792264666803
2022-10-21,130168.29106693732,3.6560394108675944
2022-10-24,128350.4606007727,5.001505233260753
2022-10-25,127981.17151039017,5.274834269681115
2022-10-26,129443.04917583067,4.192826639167579
2022-10-27,130003.02556084379,3.778360548183831
2022-10-28,126751.31429471425,6.1851121426264495
2022-10-31,127066.44663399304,5.951867183912011
2022-11-01,128899.79974577918,4.5949122872923995
2022-11-02,129135.67721749198,4.4203277578936415
2022-11-03,128982.39277802798,4.533781117952371
2022-11-04,129925.93600194603,3.835418325952918
2022-11-07,130526.62913566643,3.390815764707337
2022-11-08,130420.03808494691,3.469709048974201
2022-11-09,130643.29088791998,3.304468658440146
2022-11-10,131164.49534172443,2.918699582541369
2022-11-11,132061.72654752625,2.2546145951563914
2022-11-14,133068.62960667873,1.509356069804947
2022-11-15,133753.04201655718,1.0027887506555049
2022-11-16,133790.53047650526,0.975041695837623
2022-11-17,134117.83311285943,0.7327889010966231
2022-11-18,133494.25312481582,1.19433114997927
2022-11-21,133626.90108262165,1.0961518659591516
2022-11-22,133749.47764805442,1.0054269152633397
2022-11-23,133203.34130856962,1.409649307186417
2022-11-24,132368.83294418151,2.0273100317062207
2022-11-25,132651.6919222895,1.8179521764578672
2022-11-28,132777.43770428098,1.7248815325619018
2022-11-29,133536.1888309546,1.1632924693113726
2022-11-30,135104.0484863491,0.002842350388484121
2022-12-01,134455.85114320653,0.4826051157273398
2022-12-02,134863.357433555,0.18098964812495627
2022-12-05,135659.8956642747,0.0
2022-12-06,135423.87199468922,0.17398190410640627
2022-12-07,135220.14242755392,0.3241586133967385
2022-12-08,134692.65557808813,0.712988965125143
2022-12-09,134304.12148598273,0.9993920249261977
2022-12-12,133815.0415232931,1.3599112191175213
2022-12-13,133998.09084569415,1.2249786942878842
2022-12-14,133749.6017196226,1.408149354161099
2022-12-15,133713.39760267298,1.43483676739574
2022-12-16,132711.4810370623,2.173387066807866
2022-12-19,131451.00928035483,3.1025281003722958
2022-12-20,131564.37785090262,3.018959872641719
2022-12-21,131189.21073794007,3.2955096304942493
2022-12-22,130359.09396137815,3.9074198582717017
2022-12-23,130162.78288500206,4.052128119629881
2022-12-26,131120.69568101375,3.346014650117645
2022-12-27,131459.93783013956,3.0959465312644836
2022-12-28,131635.83388814135,2.9662869460639403
2022-12-29,130884.01118889687,3.520483671310628
2022-12-30,131421.4266307371,3.1243345815529446
2023-01-03,132348.89747766958,2.440661015101343
2023-01-04,132962.07165844005,1.9886673158816968
2023-01-05,133212.56303506362,1.804020721988189
2023-01-06,132764.78900363648,2.1340917641591695
2023-01-09,132878.24246632765,2.0504609592439627
2023-01-10,132297.8446515036,2.4782939691265486
2023-01-11,131920.60293389583,2.7563729959167165
2023-01-12,131680.10797267436,2.9336508568820796
2023-01-13,131842.11640398845,2.814228362473699
2023-01-16,132644.0591617208,2.223086261261293
2023-01-17,132325.0669516521,2.458227390116455
2023-01-18,132844.4525497465,2.075368774789373
2023-01-19,133622.8227897745,1.5016028609821759
2023-01-20,134002.79253851244,1.221512900071205
2023-01-30,134702.4009663808,0.7058052736996417
2023-01-31,135295.49057227236,0.2686166683366345
2023-02-01,135746.3513228424,0.0
2023-02-02,135489.11499959667,0.18949778077936225
2023-02-03,135572.18805310945,0.12830051639381002
2023-02-06,136941.158772928,0.0
2023-02-07,139073.5520911765,0.0
2023-02-08,138901.69783221162,0.12357076984142781
2023-02-09,139618.92741402448,0.0
2023-02-10,141113.77579316206,0.0
2023-02-13,141055.0722961375,0.04160011784433355
2023-02-14,141496.78389694777,0.0
2023-02-15,141332.45924056397,0.1161331387598757
2023-02-16,140383.72576512536,0.7866313997871889
2023-02-17,140761.83244683614,0.5194121236330723
2023-02-20,141109.4849105984,0.2737157521767007
2023-02-21,141732.66403945623,0.0
2023-02-22,141537.32672666808,0.13782095617265094
2023-02-23,141335.01595785114,0.2805620597764187
2023-02-24,141012.43286883767,0.5081617392149321
2023-02-27,140336.4922609417,0.9850741097520347
2023-02-28,140862.31946268468,0.614074802495249
2023-03-01,141499.25004611438,0.1646860975370288
2023-03-02,141887.3601968449,0.0
2023-03-03,141530.4524811972,0.2515429951988427
2023-03-06,141617.95992633072,0.18986911176615207
2023-03-07,140348.00327306282,1.0849147673524213
2023-03-08,140918.80825830862,0.6826203103592755
2023-03-09,140716.26264316734,0.8253713030201313
2023-03-10,139707.17423017672,1.5365610887703758
2023-03-13,139250.5299231992,1.8583968790366792
2023-03-14,138320.8720989956,2.5136052238207816
2023-03-15,139666.27908054233,1.5653833528379144
2023-03-16,138499.74027265332,2.3875417228792153
2023-03-17,137879.94664446657,2.8243626118765754
2023-03-20,137581.52700264961,3.0346841242388836
2023-03-21,138608.33786185627,2.311003834618914
2023-03-22,138790.67752006982,2.1824936854692076
2023-03-23,138634.6715101747,2.29244428972225
2023-03-24,138318.0125647839,2.5156205789642923
2023-03-27,137650.38574587184,2.986153555253248
2023-03-28,137853.0656337341,2.8433079292714267
2023-03-29,138214.5100663365,2.5885675266725365
2023-03-30,137722.13872514997,2.9355831738051874
2023-03-31,138059.59508777905,2.6977491890436753
2023-04-03,137625.11171154206,3.0039663007259345
2023-04-04,137125.72552103497,3.355925904325776
2023-04-06,136469.7556374097,3.818243254310462
2023-04-07,136679.70626572828,3.6702733237773124
2023-04-10,136103.04815067357,4.076692975432469
2023-04-11,135928.01064855146,4.200056678780868
2023-04-12,136051.874898983,4.112759085633956
2023-04-13,135436.7493973805,4.546289951772488
2023-04-14,135958.18998774266,4.178786750896286
2023-04-17,136504.97077458916,3.7934241744920625
2023-04-18,136141.80678800552,4.049376491935856
2023-04-19,135737.81708424617,4.33410213853248
2023-04-20,135368.0612011342,4.594700321907654
2023-04-21,135668.2113206091,4.383159195863391
2023-04-24,135730.97825932933,4.338922035743441
2023-04-25,134680.29693454225,5.079425857457683
2023-04-26,135442.847179652,4.541992329868029
2023-04-27,135505.2651783078,4.498001097266887
2023-04-28,137201.39697773597,3.302593841063746
2023-05-04,138646.63721947605,2.2840110443050743
2023-05-05,137653.70397263687,2.9838149207473816
2023-05-08,137473.9148624374,3.110527483409788
2023-05-09,136529.90657640863,3.77584981002093
2023-05-10,136240.33813398547,3.979933135005926
2023-05-11,136847.55013421748,3.5519795812928883
2023-05-12,135691.3889226608,4.3668239831851485
2023-05-15,135937.45367163152,4.193401383293685
2023-05-16,134529.5381026783,5.185678332417242
2023-05-17,135535.38248288614,4.47677489041058
2023-05-18,135855.36686309392,4.251254886540004
2023-05-19,136217.78686309393,3.9958269192445273
2023-05-22,136977.1109264619,3.460667154262973
2023-05-23,136158.19664205745,4.037825178253516
2023-05-24,135361.13939044438,4.599578706197993
2023-05-25,136116.67935536365,4.067085914823846
2023-05-26,135491.51713652725,4.507690502835836
2023-05-29,134562.2647118144,5.162613128377439
2023-05-30,135243.5195205497,4.682475357267911
2023-05-31,136677.00371726527,3.6721780378119275
2023-06-01,136533.6793848348,3.773190793445428
2023-06-02,137001.94120983552,3.4431671575478493
2023-06-05,137898.00197573518,2.8116374958101686
2023-06-06,136769.97281125933,3.606654869387986
2023-06-07,137054.48494803623,3.406135149814524
2023-06-08,137510.2624894185,3.0849102424302766
2023-06-09,137789.38757976668,2.8881872292168755
2023-06-12,138805.96834922256,2.1717169474063325
2023-06-13,139080.39260334166,1.9783070102996112
2023-06-14,139311.14950723544,1.815673141029196
2023-06-15,139420.17984903496,1.7388302554837496
2023-06-16,139575.3759290268,1.6294504772029101
2023-06-19,138674.9269374146,2.264072892027592
2023-06-20,137562.15092028846,3.0483400850899915
2023-06-21,137352.43746718566,3.196142858227681
2023-06-26,138383.05320724467,2.4697809478861283
2023-06-27,140105.16235720925,1.2560652599098021
2023-06-28,140481.98464702896,0.9904867832245392
2023-06-29,141057.30635621015,0.5850090095997289
2023-06-30,141729.80521793303,0.11104229347371058
2023-07-03,142317.1514533441,0.0
2023-07-04,142717.18032595672,0.0
2023-07-05,143554.61188536795,0.0
2023-07-06,142797.73300037713,0.5272410792313682
2023-07-07,142412.48062977384,0.7956074977975158
2023-07-10,142209.59852775803,0.936934968473145
2023-07-11,142989.44629533088,0.3936937884575712
2023-07-12,141968.2510125803,1.1050574077372075
2023-07-13,142106.8259876428,1.0085262178001217
2023-07-14,141774.7785512698,1.2398301320471719
2023-07-17,142419.70491507626,0.790575067834074
2023-07-18,142374.239708201,0.8222460857680485
2023-07-19,142667.74417867349,0.6177911632700817
2023-07-20,142317.5998432213,0.8617013594341558
2023-07-21,142634.07703404783,0.6412436627638183
2023-07-24,142383.10099872656,0.8160733195927383
2023-07-25,143065.02794013717,0.3410436897852714
2023-07-26,143076.1372222199,0.33330497492489225
2023-07-27,142787.08256530305,0.5346601617214464
2023-07-28,143258.52699029102,0.20625244371344897
2023-07-31,144369.80999310655,0.0
2023-08-01,144873.3788391295,0.0
2023-08-02,144008.48332186585,0.5970009978327677
2023-08-03,144086.00248309306,0.5434927813140543
2023-08-04,143653.4079797749,0.8420945719152976
2023-08-07,142764.535588636,1.4556457973104877
2023-08-08,142835.56482896704,1.4066173002186217
2023-08-09,142494.2298173295,1.6422265021110982
2023-08-10,143261.90142458607,1.1123350800928302
2023-08-11,141777.9185797418,2.1366660211776876
2023-08-14,142843.46221013973,1.4011660701610558
2023-08-15,142781.36037042612,1.4440323580955465
2023-08-16,142262.57064259154,1.8021310867865177
2023-08-17,142833.97162633107,1.4077170209877046
2023-08-18,142869.4735394576,1.3832115435763226
2023-08-21,142985.3330122905,1.3032386225598551
2023-08-22,142427.92625549718,1.6879930620985921
2023-08-23,141461.05171622738,2.3553858895575566
2023-08-24,141429.03683898706,2.3774844127623402
2023-08-25,140460.15787091808,3.046260813114571
2023-08-28,140583.54087081965,2.9610947178041416
2023-08-29,141700.19779899708,2.1903134071691572
2023-08-30,142207.40651826432,1.8402085615919286
2023-08-31,141872.8793155428,2.0711186193279167
2023-09-01,142143.10066835422,1.8845961850638082
2023-09-04,143496.3571731648,0.9505001381197559
2023-09-05,143668.31002672834,0.8318083156873731
2023-09-06,143765.02990415337,0.7650466523645152
2023-09-07,143355.87653757053,1.0474680122177833
2023-09-08,143423.34986810008,1.0008940100993708
2023-09-11,144235.35304961656,0.4404023669672329
2023-09-12,144043.41624054656,0.5728882733552737
2023-09-13,143910.91594900057,0.6643476516121466
2023-09-14,143511.33799238963,0.9401595087060859
2023-09-15,144357.606931694,0.3560156541998109
2023-09-18,145716.9173708924,0.0
2023-09-19,145512.81797641277,0.14006568225714522
2023-09-20,144877.84073960572,0.5758265041738287
2023-09-21,144378.85498471884,0.9182615239984723
2023-09-22,145235.3272806721,0.3304970341875343
2023-09-25,145352.94324504866,0.249781653641016
2023-09-26,144478.43890256924,0.8499208538503897
2023-09-27,144627.15112102433,0.7478652921913541
2023-09-28,145241.6733099714,0.32614199469465316
2023-10-09,144229.708120858,1.0206153663332043
2023-10-10,144251.64385280514,1.005561704518977
2023-10-11,144245.98680983047,1.0094439187990567
2023-10-12,145134.77229413454,0.399504111987299
2023-10-13,144146.55976685582,1.0776769316630213
2023-10-16,143949.70976685578,1.2127676291274714
2023-10-17,143660.6660296679,1.4111273957235442
2023-10-18,142361.98886905328,2.3023603315048384
2023-10-19,141736.99890389395,2.731267267251047
2023-10-20,141535.16083425735,2.8697810879372687
2023-10-23,139984.50457827948,3.933937730800494
2023-10-24,142305.82904323962,2.3409006923818954
2023-10-25,143629.52172142285,1.4325005545900407
2023-10-26,143554.08202302316,1.4842719616173172
2023-10-27,144556.79514945997,0.7961479300852697
2023-10-30,144627.97050717077,0.74730297852097
2023-10-31,144748.64275920767,0.6644901835386643
2023-11-01,145022.44640341043,0.4765891153971695
2023-11-02,145303.8334586639,0.2834838395442281
2023-11-03,144971.96958130907,0.511229446123414
2023-11-06,145561.49617025835,0.10665968196297063
2023-11-07,146442.8499382504,0.0
2023-11-08,146400.8720922034,0.028665002125195956
2023-11-09,146171.5850518607,0.18523600606250276
2023-11-10,146023.32767831962,0.28647507208968287
2023-11-13,146676.3281600027,0.0
2023-11-14,146831.65526348224,0.0
2023-11-15,146836.02709631316,0.0
2023-11-16,146665.74117989768,0.11597011971985952
2023-11-17,147099.00131920527,0.0
2023-11-20,147701.12737492827,0.0
2023-11-21,147245.2938688257,0.30861884008878143
2023-11-22,147366.00949699947,0.22688918079692807
2023-11-23,148557.06922919842,0.0
2023-11-24,148773.17769879257,0.0
2023-11-27,147592.2542867484,0.7937744090101314
2023-11-28,148226.6032671695,0.3673877509894085
2023-11-29,147906.91214098842,0.582272672536439
2023-11-30,147634.396379159,0.7654480043029994
2023-12-01,147936.0089330586,0.5627148513483512
2023-12-04,148145.2581752098,0.42206500748008213
2023-12-05,147236.6323336089,1.0328107451563449
2023-12-06,147666.22992938425,0.7440506323320282
2023-12-07,147686.03207198283,0.7307403415223026
2023-12-08,145921.22843211732,1.9169781211834631
2023-12-11,146400.95738318603,1.5945215073710088
2023-12-12,146407.1366271152,1.5903680409836265
2023-12-13,146165.70199718827,1.7526517494191176
2023-12-14,146695.0474960432,1.3968446697809773
2023-12-15,146660.75769252895,1.4198930472134206
2023-12-18,145303.73771068704,2.3320332614860093
2023-12-19,145980.85571063397,1.8768988008120362
2023-12-20,145661.6033639092,2.091488790528548
2023-12-21,146254.3319655245,1.693077860021076
2023-12-22,145523.56503866694,2.184273207301399
2023-12-25,143916.90859668312,3.2642101064356464
2023-12-26,143517.86842684238,3.5324306123178544
2023-12-27,143907.7226308059,3.270384583595655
2023-12-28,144830.2855729618,2.650270826246378
2023-12-29,145209.82184717132,2.3951601402476266
2024-01-02,146187.0708777426,1.7382883534865532
2024-01-03,146214.34082022792,1.7199584751394423
2024-01-04,146058.24569299666,1.8248800272940235
2024-01-05,144808.37806952753,2.6649962651817534
2024-01-08,143701.99288836832,3.4086687458484053
2024-01-09,144240.49844421534,3.046704604074623
2024-01-10,143969.0551855265,3.2291590376543167
2024-01-11,144253.31316749728,3.0380910061934974
2024-01-12,144002.4839896458,3.206689393168399
2024-01-15,144048.14422629285,3.175998217948981
2024-01-16,143429.44307759713,3.5918669640937653
2024-01-17,142096.44319216057,4.487861730123
2024-01-18,140601.16591296293,5.492933546378076
2024-01-19,139996.5391464001,5.899341997091533
2024-01-22,136396.39839367918,8.319227629977444
2024-01-23,135971.06465465133,8.60512173105592
2024-01-24,137479.3989943174,7.591273426545109
2024-01-25,140395.43635887234,5.631217582030734
2024-01-26,142518.81091365073,4.203961279770798
2024-01-29,140573.64263753805,5.511433706051076
2024-01-30,139145.4993658395,6.471380447653913
2024-01-31,135762.60678645986,8.745239641700753
2024-02-01,134909.99979713676,9.318331513845406
2024-02-02,131549.2759886844,11.577289654308395
2024-02-05,126701.68504894685,14.835666610907412
2024-02-06,125211.91232302328,15.837038463661527
2024-02-07,121632.91274615022,18.24271375556067
2024-02-08,123166.5495697975,17.211858027821698
2024-02-19,125857.33337794006,15.403209553840494
2024-02-20,126303.4291657579,15.103359947400675
2024-02-21,127995.27194274234,13.966163845822631
2024-02-22,129410.86523321095,13.014652751978398
2024-02-23,129945.19135427999,12.6554978765271
2024-02-26,132009.88718201453,11.267683312322024
2024-02-27,133273.77894418035,10.418140550840715
2024-02-28,130265.478764887,12.440212153951848
2024-02-29,132109.73111517658,11.200571797527205
2024-03-01,132619.78975279236,10.857728655029801
2024-03-04,132831.16679896624,10.715648577529654
2024-03-05,131032.21334182136,11.924840640891405
2024-03-06,131718.69475759676,11.463412427557644
2024-03-07,131284.99693812893,11.754928563850644
2024-03-08,131880.42291709495,11.354704552926085
2024-03-11,132651.90972459063,10.836138760738978
2024-03-12,133648.04622574546,10.166571492927021
2024-03-13,133415.33027936443,10.32299481464446
2024-03-14,133165.35851766338,10.491016877201423
2024-03-15,134212.80183254197,9.786963007357187
2024-03-18,135363.60570190757,9.013433875852362
2024-03-19,135372.72987142188,9.00730093599355
2024-03-20,135921.1826585348,8.638650621739115
2024-03-21,136476.6326376701,8.26529704569339
2024-03-22,135456.43798946234,8.951035338030765
2024-03-25,134500.55601467082,9.593544955407369
2024-03-26,134300.32525492946,9.728132898502022
2024-03-27,132718.9530120419,10.79107466485269
2024-03-28,133417.98288205685,10.321211830148561
2024-03-29,134181.92025539218,9.807720497132873
2024-04-01,135896.63217390707,8.655152577943493
2024-04-02,136692.13776008174,8.120442223241483
2024-04-03,137050.184673695,7.879775915543076
2024-04-08,135903.74760204199,8.650369842073374
2024-04-09,136805.28410977672,8.04438930063465
2024-04-10,135149.58217318176,9.157292824109236
2024-04-11,135239.66519014112,9.09674224748463
2024-04-12,134096.74015251256,9.864975510568208
2024-04-15,130458.08748401832,12.310747473482841
2024-04-16,127726.8267371631,14.146603095512347
2024-04-17,130696.62479746755,12.150411237382427
2024-04-18,130404.1988531914,12.346969480473934
2024-04-19,130001.33937301367,12.617757189931453
2024-04-22,131318.99116771424,11.732078860623805
2024-04-23,133734.91463919808,10.108181657611084
2024-04-24,134583.34289776083,9.537898578573484
2024-04-25,134948.4272640692,9.292501947301998
2024-04-26,136182.24986028456,8.463170601894186
2024-04-29,139412.7105921615,6.291770634611546
2024-04-30,139662.64120110456,6.123776233464125
2024-05-06,143449.04862160963,3.5786888198101234
2024-05-07,143428.67499973203,3.592383238517003
2024-05-08,142848.86583124002,3.9821101889394064
2024-05-09,143281.38499973202,3.691386299605214
2024-05-10,143009.787089454,3.8739446844424927
2024-05-13,142255.1546906545,4.381181546941548
2024-05-14,143914.29319844485,3.265968083430373
2024-05-15,143729.21631613426,3.3903701330291907
2024-05-16,143621.40360324684,3.4628379760604773
2024-05-17,144053.7309800409,3.1722430022343735
2024-05-20,144609.918086758,2.7983939554370076
2024-05-21,144044.63101299468,3.1783596740612383
2024-05-22,143852.32395199174,3.30762159074375
2024-05-23,141998.6085965776,4.55362264018506
2024-05-24,141947.6666342242,4.587864002197592
2024-05-27,141951.29461099303,4.585425406191953
2024-05-28,141045.11341454784,5.194527940978064
2024-05-29,140974.9166932152,5.2417116621423485
2024-05-30,140076.03509732388,5.845907666956604
2024-05-31,140371.66814131528,5.647193726336243
2024-06-03,137605.53483325546,7.506489434639366
2024-06-04,137854.19288882255,7.339350398279914
2024-06-05,136901.28320465723,7.979862148384891
2024-06-06,134086.57782670978,9.871806261890438
2024-06-07,136160.0417140502,8.478098122148763
2024-06-11,135612.46717649448,8.84615810851562
2024-06-12,136807.25665311355,8.043063427673316
2024-06-13,135926.83588992362,8.634850722136058
2024-06-14,136213.11389278088,8.442424905005996
2024-06-17,135066.1008239368,9.213405996212048
2024-06-18,136175.01013780863,8.468036883967283
2024-06-19,136172.79613246146,8.469525059041185
2024-06-20,135910.9533217664,8.645526415431643
2024-06-21,136392.7795455315,8.321660090051001
2024-06-24,133655.75608045672,10.161389204808618
2024-06-25,131789.34626920294,11.415923012665116
2024-06-26,133636.07525403897,10.17461795122795
2024-06-27,131501.85800174036,11.609162326303114
2024-06-28,131666.82248197912,11.49827911281637
2024-07-01,132736.774561024,10.779095658113857
2024-07-02,132539.16933868598,10.91191880903028
2024-07-03,132876.55952910014,10.685137210604495
2024-07-04,131561.49226799363,11.569078309025478
2024-07-05,131988.06395622797,11.282352102842008
2024-07-08,131787.54496258404,11.417133786439503
2024-07-09,132632.9573821462,10.848877846330597
2024-07-10,132425.7923275082,10.988126774022001
2024-07-11,134320.18743946607,9.714782249652652
2024-07-12,134283.86742614204,9.739195261383548
2024-07-15,133132.20132862002,10.513303951764343
2024-07-16,132486.41327543528,10.947379544672774
2024-07-17,133209.45646494124,10.461375816924322
2024-07-18,132978.36334654258,10.616708331812541
2024-07-19,131698.70646494124,11.476847841766514
2024-07-22,132126.1468596358,11.189537722223347
2024-07-23,131891.7470247858,11.347092893441499
2024-07-24,130740.94418413343,12.120621333482132
2024-07-25,131541.62588168005,11.582431782158784
2024-07-26,133115.70288017328,10.524393617725599
2024-07-29,133149.9651549764,10.501363744106513
2024-07-30,134055.50600487212,9.892691627329471
2024-07-31,135877.82629976567,8.667793212789295
2024-08-01,135751.7163459243,8.752559805660418
2024-08-02,135100.0697609708,9.190573293732058
2024-08-05,134309.1833443659,9.722178808138777
2024-08-06,135640.74234959768,8.827152550161244
2024-08-07,135771.01894141515,8.739585292519392
2024-08-08,136011.00761511677,8.578273504054739
2024-08-09,135690.51759274933,8.793695414996451
2024-08-12,135541.53376925725,8.893837003551956
2024-08-13,136032.53603126807,8.563802874009527
2024-08-14,135795.61662142468,8.723051613270218
2024-08-15,136033.22310805367,8.563341045609926
2024-08-16,135670.1329046855,8.807397271997237
2024-08-19,135672.76965530263,8.80562494269843
2024-08-20,134632.43807642066,9.504898558395636
2024-08-21,134254.20679939096,9.75913207204382
2024-08-22,133620.61303906262,10.18501109817521
2024-08-23,133245.38692275103,10.437224650453617
2024-08-26,134260.52141171193,9.754887615873262
2024-08-27,133654.42675369725,10.16228273063097
2024-08-28,134078.94410110047,9.876937378753965
2024-08-29,134840.02410110048,9.365366669724072
2024-08-30,135589.7614485037,8.861420085400153
2024-09-02,135706.6521644151,8.782850333970858
2024-09-03,135961.94172507728,8.611253837471311
2024-09-04,135057.09760466425,9.219457637651603
2024-09-05,135278.04158841426,9.070947007464396
2024-09-06,134428.46939154467,9.641999000848337
2024-09-09,134873.3305329378,9.342979279501922
2024-09-10,134903.25675324135,9.322863946371015
2024-09-11,134476.13893176656,9.609957243752577
2024-09-12,134527.9636874033,9.57512249972253
2024-09-13,134107.47252708505,9.85776159288594
2024-09-18,133747.0171028719,10.100046815120637
2024-09-19,135405.18450917074,8.98548609124071
2024-09-20,135317.90012702125,9.044155525811911
2024-09-23,135316.43026446312,9.045143514763184
2024-09-24,137448.14353120816,7.612282229067642
2024-09-25,138602.64887133194,6.836265101530578
2024-09-26,140471.25679519348,5.5802538011302225
2024-09-27,142365.81081638078,4.3068024636700315
2024-09-30,147872.7456973281,0.6052381318946474
2024-10-08,153546.21194235352,0.0
2024-10-09,149037.29434660636,2.936521545344252
2024-10-10,147529.94297472085,3.9182138663840056
2024-10-11,145975.06880739308,4.930856345582074
2024-10-14,147407.21649698252,3.998141906409116
2024-10-15,145903.47506701187,4.9774831815525316
2024-10-16,146378.82078143873,4.667904906443197
2024-10-17,145336.06956416497,5.34701721021351
2024-10-18,146466.45405570173,4.610832007571616
2024-10-21,146434.37259152404,4.631725694085836
2024-10-22,147532.7075252457,3.9164133983100107
2024-10-23,149371.34403844306,2.7189650927226054
2024-10-24,151964.77319679406,1.0299431848915823
2024-10-25,154720.6425997231,0.0
2024-10-28,158959.19966478695,0.0
2024-10-29,160439.1844668835,0.0
2024-10-30,163114.514960565,0.0
2024-10-31,166899.29949420033,0.0
2024-11-01,169595.9172170896,0.0
2024-11-04,168066.62927384494,0.9017245039496439
2024-11-05,168368.43045287032,0.7237714116950333
2024-11-06,169757.77160761796,0.0
2024-11-07,172597.52727731428,0.0
2024-11-08,173754.12843206193,0.0
2024-11-11,175674.37669994045,0.0
2024-11-12,176361.31502730842,0.0
2024-11-13,175000.33494554096,0.7716998943655619
2024-11-14,174438.99956759936,1.0899870299852341
2024-11-15,174017.76241108385,1.3288359841622195
2024-11-18,173274.70483766167,1.7501628342750806
2024-11-19,174370.72089625313,1.1287022501204742
2024-11-20,175886.21483713403,0.2693902515417405
2024-11-21,175906.75560537796,0.2577432708868589
2024-11-22,176334.45293888223,0.01523128154381899
2024-11-25,178950.26572709813,0.0
2024-11-26,181138.7389280936,0.0
2024-11-27,180783.56286185584,0.19607957322633093
2024-11-28,181494.66132984147,0.0
2024-11-29,181564.26286109735,0.0
2024-12-02,184254.45373083086,0.0
2024-12-03,184961.96704689847,0.0
2024-12-04,186737.65768020262,0.0
2024-12-05,188520.00541106897,0.0
2024-12-06,189042.18066170032,0.0
2024-12-09,188717.72271973256,0.17163256413572248
2024-12-10,189602.2273255349,0.0
2024-12-11,191679.27300523524,0.0
2024-12-12,193314.15879559785,0.0
2024-12-13,190855.45170989237,1.271871186789381
2024-12-16,193450.48214127487,0.0
2024-12-17,191628.4732868402,0.9418476678202775
2024-12-18,192026.7072036758,0.7359893456141994
2024-12-19,191990.26437842805,0.7548276678785624
2024-12-20,192809.36168513028,0.3314132118194404
2024-12-23,188678.30219477927,2.466874154911914
2024-12-24,188472.73120388138,2.5731395870899347
2024-12-25,184987.0059479642,4.375009097744133
2024-12-26,183853.8523247608,4.960768104731702
2024-12-27,185132.27871802595,4.299913513358022
2024-12-30,182732.1329556494,5.540616423895997
2024-12-31,182910.8012026088,5.448257777392902
2025-01-02,181274.5725765371,6.29407041531478
2025-01-03,177713.3743736315,8.13495401688931
2025-01-06,176909.49872299744,8.550499970425365
2025-01-07,179305.71494239,7.311828351275487
2025-01-08,180801.02261107345,6.5388617232619
2025-01-09,182042.2959242392,5.897212604879621
2025-01-10,178397.15224345523,7.7814899870998255
2025-01-13,180746.28991213866,6.567154596109239
2025-01-14,183981.27550380325,4.894899476423306
2025-01-15,184417.4456323734,4.669430858437845
2025-01-16,184977.84702729297,4.379743601669818
2025-01-17,185337.15689872284,4.194006214276042
2025-01-20,186498.53223156664,3.593658611112322
2025-01-21,187258.48455761693,3.200817860529284
2025-01-22,185993.17027617112,3.854894432187434
2025-01-23,185294.39273605778,4.2161122138019715
2025-01-24,185860.80837601708,3.9233160244672467
2025-01-27,186845.75192823092,3.414170975402679
2025-02-05,187290.41779538634,3.184310670980856
2025-02-06,187707.20589771855,2.96886116797686
2025-02-07,188045.88470621663,2.793788557792954
2025-02-10,189185.42371845583,2.2047287634591237
2025-02-11,188746.8608680289,2.43143424672934
2025-02-12,189063.826874486,2.267585595152638
2025-02-13,188414.44086238547,2.603271505527515
2025-02-14,188708.7253165127,2.4511475868534287
2025-02-17,189226.7394143085,2.1833715172039763
2025-02-18,187134.93357418582,3.2646848419208743
2025-02-19,187394.6305681356,3.1304401550763563
2025-02-20,188049.1536784388,2.7920987340272108
2025-02-21,187032.20279519918,3.3177892735302112
2025-02-24,187938.06621826132,2.8495229693911517
2025-02-25,186848.49589799764,3.412752540185386
2025-02-26,187737.55155755626,2.9531746421528777
2025-02-27,187528.0821921238,3.061455253870081
2025-02-28,185866.28222285706,3.920486438942629
2025-03-03,187072.74448668055,3.2968321319234195
2025-03-04,187023.00306126627,3.3225448749797812
2025-03-05,185474.78030009862,4.122864803899368
2025-03-06,185242.26168068245,4.243060223855137
2025-03-07,184587.5303000986,4.581509305675321
2025-03-10,185681.2230612663,4.016148729127884
2025-03-11,186546.05506737292,3.5690927194793574
2025-03-12,187268.38002647657,3.1957026141106084
2025-03-13,187114.5474634338,3.275222996453437
2025-03-14,187906.13201975462,2.8660306555717314
2025-03-17,189760.4725026319,1.9074698588490486
2025-03-18,189696.30241743615,1.9406411823244172
2025-03-19,188914.69811971206,2.3446744465854437
2025-03-20,189919.90066969307,1.825056951268517
2025-03-21,189737.39669277583,1.9193983945655992
2025-03-24,188088.72856243543,2.771641362425663
2025-03-25,188539.2432338887,2.5387576464138992
2025-03-26,189078.93438277632,2.2597760988292874
2025-03-27,187948.2336000838,2.8442671635074244
2025-03-28,187045.7381776506,3.3107924533095483
2025-03-31,185355.87011425436,4.184332826376262
2025-04-01,186331.65485729955,3.6799222235985503
2025-04-02,186323.15445193788,3.6843163224230056
2025-04-03,186983.6739452358,3.3428752022010686
2025-04-07,182177.81992432056,5.827156434131813
2025-04-08,178999.23308841244,7.470257449298491
2025-04-09,179025.37308841245,7.456744947437201
2025-04-10,182463.33308841242,5.679566642195627
2025-04-11,183850.11308841244,4.9627010212625775
2025-04-14,186725.94308841246,3.4761035374166456
2025-04-15,186884.0502158738,3.3943735123935572
2025-04-16,185268.52003056975,4.229486543605469
2025-04-17,187554.124526017,3.047993238368787
2025-04-18,186284.73505836708,3.7041763884954926
2025-04-21,187003.9893478639,3.332373598688243
2025-04-22,187338.31978799438,3.1595487825235025
2025-04-23,187935.09282817546,2.8510599984297684
2025-04-24,187612.95896645618,3.0175800598706237
2025-04-25,189193.98698425066,2.200302170307199
2025-04-28,188337.11612091184,2.6432428411467024
2025-04-29,189074.99851206748,2.261810661196501
2025-04-30,189414.86517058115,2.086124017900639
2025-05-06,191871.170723419,0.8163905307315391
2025-05-07,191451.7932520398,1.033178551488676
2025-05-08,193173.1488250038,0.14336139832856207
2025-05-09,193702.24636663258,0.0
2025-05-12,195052.22636663262,0.0
2025-05-13,195712.88533860337,0.0
2025-05-14,198040.765577652,0.0
2025-05-15,200147.4362428069,0.0
2025-05-16,198252.1386223872,0.9469507359167181
2025-05-19,198714.99180951342,0.7156946200178773
2025-05-20,199341.6599656474,0.4025913557953181
2025-05-21,200613.09132167365,0.0
2025-05-22,201032.75352429226,0.0
2025-05-23,201669.00586931212,0.0
2025-05-26,204564.9561179151,0.0
2025-05-27,205607.40061065153,0.0
2025-05-28,205429.84183627364,0.08635816310626043
2025-05-29,206111.33317432879,0.0
2025-05-30,205194.59532784414,0.4447779907906687
2025-06-03,205722.3006404945,0.1887487348913694
2025-06-04,207099.7163765625,0.0
2025-06-05,207254.74426262817,0.0
2025-06-06,207918.48906931368,0.0
2025-06-09,209376.80012628087,0.0
2025-06-10,209255.82518201205,0.05777858110156219
2025-06-11,209761.83822675666,0.0
2025-06-12,209607.18952957785,0.07372584950920985
2025-06-13,208077.38135065773,0.8030330446847077
2025-06-16,207294.09474649036,1.1764501594415975
2025-06-17,207319.23945121374,1.164462895725783
2025-06-18,207444.56702666474,1.1047153379667238
2025-06-19,204922.5903723726,2.307020140218617
2025-06-20,204379.29238931357,2.566027206352212
2025-06-23,205283.0772119606,2.1351648386845454
2025-06-24,206344.60465291142,1.6291016529666098
2025-06-25,206327.3128318315,1.6373452025207558
2025-06-26,206247.63628869544,1.6753294916601067
2025-06-27,205999.61792447948,1.7935675688588084
2025-06-30,206003.72810977534,1.7916081155423171
2025-07-01,206567.55740420712,1.5228131339583604
2025-07-02,206841.4774042071,1.3922269404373677
2025-07-03,208080.5674042071,0.8015141537480579
2025-07-04,208483.5174042071,0.609415341396697
2025-07-07,207600.8574042071,1.0302068483083602
2025-07-08,208509.4919372071,0.5970324727016194
2025-07-09,209165.7919372071,0.2841538263529235
2025-07-10,208492.49193720712,0.6051369020600204
2025-07-11,208911.31193720712,0.4054723665369981
2025-07-14,208044.3619372071,0.8187744272592261
2025-07-15,209379.43833028717,0.18230193809424441
2025-07-16,211132.89891521452,0.0
2025-07-17,210695.42862275086,0.2072013858149802
2025-07-18,209738.96150954923,0.6602180014707503
2025-07-21,210340.05661334353,0.37551812433995524
2025-07-22,209976.67147022916,0.5476301660830548
2025-07-23,209431.04147022916,0.8060598105408404
2025-07-24,209646.31147022918,0.7041003333082252
2025-07-25,209426.3814702292,0.8082669511730759
2025-07-28,208714.14147022914,1.1456089777636669
2025-07-29,207882.12147022918,1.5396830440388987
2025-07-30,207726.80147022917,1.6132480833094387
2025-07-31,207857.86147022917,1.5511734371157972
2025-08-01,208504.73147022916,1.2447929519694434
2025-08-04,210273.46147022914,0.40705993684598923
2025-08-05,210525.67572722916,0.2876023543015953
2025-08-06,211147.88572722915,0.0
2025-08-07,210907.19572722918,0.11399119587250237
2025-08-08,210661.39572722913,0.23040249648935185
2025-08-11,211242.99572722916,0.0
2025-08-12,212251.19660422916,0.0
2025-08-13,211954.40660422915,0.13982960037366146
2025-08-14,210466.91660422913,0.8406454373621542
2025-08-15,213025.75660422916,0.0
2025-08-18,213619.77660422918,0.0
2025-08-19,214077.53073622915,0.0
2025-08-20,216428.3607362291,0.0
2025-08-21,217215.48073622916,0.0
2025-08-22,216525.79073622913,0.3175142018710634
2025-08-25,216504.08073622914,0.3275088854573382
2025-08-26,217678.73966122913,0.0
2025-08-27,214355.5496612291,1.5266488611482558
2025-08-28,213777.73966122913,1.7920904935737318
2025-08-29,213575.5296612291,1.8849842691967982
2025-09-01,213132.67966122914,2.0884262776764406
2025-09-02,212089.4752205678,2.567666667566999
2025-09-03,210921.47496618313,3.1042373295445644
2025-09-04,211172.48966857902,2.9889230352838863
2025-09-05,211845.7029261738,2.6796538532578857
2025-09-08,212715.12618376856,2.28024725114882
2025-09-09,212353.37825577415,2.446431568715797
2025-09-10,213413.00114537642,1.9596486650425466
2025-09-11,213435.82632937265,1.9491629446493863
2025-09-12,213674.93162697676,1.8393197427013106
2025-09-15,213671.44428936334,1.8409217997597296
2025-09-16,215604.55808828957,0.9528636449143287
2025-09-17,216071.21343153156,0.7384856381469981
2025-09-18,214043.31238411355,1.670088352575614
2025-09-19,213375.93808828958,1.9766751588308324
2025-09-22,212428.63343153158,2.4118598986140016
2025-09-23,210524.3213183833,3.28668677243362
2025-09-24,212942.1313183833,2.175962774415804
2025-09-25,213475.6513183833,1.9308676398012339
2025-09-26,215480.1213183833,1.0100289749322926
2025-09-29,217117.8713183833,0.2576587606666223
2025-09-30,218954.7292303833,0.0
2025-10-09,217977.06923038326,0.4465123925098428
2025-10-10,219068.56708738327,0.0
2025-10-13,217817.33708738326,0.5711590743645631
2025-10-14,217303.36396038329,0.8057765431477315
2025-10-15,218379.8739603833,0.31437331980414474
2025-10-16,217789.98396038328,0.5836451773978065
2025-10-17,216847.25396038324,1.0139807625226218
2025-10-20,219760.9339603833,0.0
2025-10-21,221748.5067453833,0.0
2025-10-22,222557.9567453833,0.0
2025-10-23,223335.9167453833,0.0
2025-10-24,225464.20674538327,0.0
2025-10-27,225130.8767453833,0.1478416484867541
2025-10-28,224545.88415338332,0.4073030505622628
2025-10-29,224156.7941533833,0.5798758973198969
2025-10-30,225377.38415338332,0.038508370465207324
2025-10-31,227018.3541533833,0.0
2025-11-03,229273.4941533833,0.0
2025-11-04,229324.96098538334,0.0
2025-11-05,230026.05098538334,0.0
2025-11-06,229940.3409853833,0.03726099701875388
2025-11-07,230316.9609853833,0.0
2025-11-10,231444.2409853833,0.0
2025-11-11,231060.42996738327,0.1658330388200396
2025-11-12,230924.27996738325,0.22465930272721618
2025-11-13,229956.60996738327,0.642760006326532
2025-11-14,231632.36996738327,0.0
2025-11-17,233463.50996738326,0.0
2025-11-18,232839.40046838328,0.2673263582335316
2025-11-19,232663.07046838326,0.34285422124931986
2025-11-20,231831.88046838326,0.6988798802981906
2025-11-21,227539.61046838327,2.5373984567556653
2025-11-24,227787.12046838325,2.4313818890982364
2025-11-25,228448.08581538327,2.1482689747535653
2025-11-26,227809.49581538327,2.4217978016307136
2025-11-27,228767.31581538322,2.011532402925038
2025-11-28,229443.31581538322,1.7219796586463099
2025-12-01,229394.94581538322,1.7426980998308674
2025-12-02,229281.28655938324,1.7913820487768346
2025-12-03,230443.28655938327,1.2936597279900146
2025-12-04,228330.67655938325,2.1985591704318606
2025-12-05,228229.41655938327,2.2419321155289884
