,date,wind_code,sec_name
1,2025-12-07,159001.OF,易方达保证金A
2,2025-12-07,159003.OF,招商保证金快线A
3,2025-12-07,159005.OF,汇添富收益快钱A
4,2025-12-07,159100.OF,华夏布拉德斯科巴西伊博维斯帕ETF
5,2025-12-07,159101.OF,华夏国证港股通科技ETF
6,2025-12-07,159102.OF,华安恒生生物科技ETF
7,2025-12-07,159103.OF,汇添富中证金融科技主题ETF
8,2025-12-07,159105.OF,易方达恒生生物科技ETF
9,2025-12-07,159106.OF,前海开源中证民企300ETF
10,2025-12-07,159107.OF,富国创业板软件ETF
11,2025-12-07,159108.OF,博时工业软件ETF
12,2025-12-07,159109.OF,景顺长城恒生港股通50ETF
13,2025-12-07,159110.OF,万家深证AAA科技创新公司债ETF
14,2025-12-07,159111.OF,天弘中证AAA科技创新公司债ETF
15,2025-12-07,159112.OF,银华中证AAA科技创新公司债ETF
16,2025-12-07,159113.OF,大成中证AAA科技创新公司债ETF
17,2025-12-07,159115.OF,华安中证AAA科技创新公司债ETF
18,2025-12-07,159116.OF,工银中证AAA科技创新公司债ETF
19,2025-12-07,159117.OF,鹏华标普港股通低波红利ETF
20,2025-12-07,159118.OF,华夏标普港股通低波红利ETF
21,2025-12-07,159119.OF,招商中证800自由现金流ETF
22,2025-12-07,159120.OF,国联安恒生港股通科技主题ETF
23,2025-12-07,159121.OF,易方达恒生港股通汽车主题ETF
24,2025-12-07,159122.OF,富国创业板新能源ETF
25,2025-12-07,159123.OF,嘉实中证光伏产业ETF
26,2025-12-07,159125.OF,招商国证港股通科技ETF
27,2025-12-07,159126.OF,南方中证港股通50ETF
28,2025-12-07,159127.OF,南方中证港股通高股息投资ETF
29,2025-12-07,159128.OF,天弘国证港股通科技ETF
30,2025-12-07,159129.OF,嘉实中证细分化工产业主题ETF
31,2025-12-07,159130.OF,鹏华恒生生物科技ETF
32,2025-12-07,159131.OF,华宝中证港股通信息技术综合ETF
33,2025-12-07,159132.OF,富国恒生生物科技ETF
34,2025-12-07,159133.OF,天弘中证细分化工产业主题ETF
35,2025-12-07,159136.OF,广发中证A50ETF
36,2025-12-07,159137.OF,华宝中证港股通医疗主题ETF
37,2025-12-07,159138.OF,易方达中证工程机械主题ETF
38,2025-12-07,159139.OF,华泰柏瑞中证科创创业人工智能ETF
39,2025-12-07,159140.OF,易方达中证科创创业人工智能ETF
40,2025-12-07,159141.OF,永赢中证科创创业人工智能ETF
41,2025-12-07,159142.OF,景顺长城中证科创创业人工智能ETF
42,2025-12-07,159150.OF,易方达深证50ETF
43,2025-12-07,159200.OF,富国中证AAA科技创新公司债ETF
44,2025-12-07,159201.OF,华夏国证自由现金流ETF
45,2025-12-07,159202.OF,万家恒生互联网科技业ETF
46,2025-12-07,159203.OF,博时国证大盘成长ETF
47,2025-12-07,159205.OF,东财创业板ETF
48,2025-12-07,159206.OF,永赢国证商用卫星通信产业ETF
49,2025-12-07,159207.OF,广发中证智选高股息策略ETF
50,2025-12-07,159208.OF,万家国证航天航空行业ETF
51,2025-12-07,159209.OF,招商中证全指红利质量ETF
52,2025-12-07,159210.OF,汇添富中证港股通汽车产业主题ETF
53,2025-12-07,159211.OF,富国深证100ETF
54,2025-12-07,159212.OF,南方深证100ETF
55,2025-12-07,159213.OF,汇添富中证机器人ETF
56,2025-12-07,159215.OF,平安中证A500ETF
57,2025-12-07,159216.OF,大成深证100ETF
58,2025-12-07,159217.OF,工银国证港股通创新药ETF
59,2025-12-07,159218.OF,招商中证卫星产业ETF
60,2025-12-07,159219.OF,融通深证100ETF
61,2025-12-07,159220.OF,华宝标普港股通低波红利ETF
62,2025-12-07,159221.OF,嘉实国证自由现金流ETF
63,2025-12-07,159222.OF,易方达国证自由现金流ETF
64,2025-12-07,159223.OF,永赢国证自由现金流ETF
65,2025-12-07,159225.OF,银华国证自由现金流ETF
66,2025-12-07,159226.OF,国泰中证A500增强策略ETF
67,2025-12-07,159227.OF,华夏国证航天航空行业ETF
68,2025-12-07,159228.OF,长城中证红利低波100ETF
69,2025-12-07,159229.OF,广发中证800自由现金流ETF
70,2025-12-07,159230.OF,华夏国证通用航空产业ETF
71,2025-12-07,159231.OF,华宝国证通用航空产业ETF
72,2025-12-07,159232.OF,南方中证全指自由现金流ETF
73,2025-12-07,159233.OF,平安中证全指自由现金流ETF
74,2025-12-07,159235.OF,大成中证全指自由现金流ETF
75,2025-12-07,159236.OF,工银中证全指自由现金流ETF
76,2025-12-07,159237.OF,工银中证港股通汽车产业主题ETF
77,2025-12-07,159238.OF,景顺长城沪深300增强策略ETF
78,2025-12-07,159239.OF,富国恒生港股通汽车主题ETF
79,2025-12-07,159240.OF,天弘中证A500增强策略ETF
80,2025-12-07,159241.OF,天弘国证航天航空行业ETF
81,2025-12-07,159242.OF,大成创业板人工智能ETF
82,2025-12-07,159243.OF,招商创业板人工智能ETF
83,2025-12-07,159245.OF,富国国证港股通消费主题ETF
84,2025-12-07,159246.OF,富国创业板人工智能ETF
85,2025-12-07,159247.OF,汇添富创业板ETF
86,2025-12-07,159248.OF,万家中证人工智能主题ETF
87,2025-12-07,159249.OF,工银中证A500增强策略ETF
88,2025-12-07,159251.OF,万家国证港股通科技ETF
89,2025-12-07,159253.OF,博时中证银行ETF
90,2025-12-07,159255.OF,易方达国证通用航空产业ETF
91,2025-12-07,159256.OF,华夏创业板软件ETF
92,2025-12-07,159257.OF,汇添富国证通用航空产业ETF
93,2025-12-07,159258.OF,南方中证机器人ETF
94,2025-12-07,159259.OF,易方达国证成长100ETF
95,2025-12-07,159260.OF,博时证券公司ETF
96,2025-12-07,159261.OF,鹏华创业板新能源ETF
97,2025-12-07,159262.OF,广发恒生港股通科技主题ETF
98,2025-12-07,159263.OF,易方达国证价值100ETF
99,2025-12-07,159265.OF,鹏华国证港股通消费主题ETF
100,2025-12-07,159266.OF,永赢中证港股通央企红利ETF
101,2025-12-07,159267.OF,华安国证航天航空行业ETF
102,2025-12-07,159268.OF,汇添富国证港股通消费主题ETF
103,2025-12-07,159269.OF,南方中证港股通科技ETF
104,2025-12-07,159270.OF,南方创业板中盘200ETF
105,2025-12-07,159271.OF,鹏华恒生ETF
106,2025-12-07,159272.OF,富国国证机器人产业ETF
107,2025-12-07,159273.OF,汇添富中证沪港深云计算产业ETF
108,2025-12-07,159275.OF,华宝中证全指农牧渔ETF
109,2025-12-07,159276.OF,汇添富国证自由现金流ETF
110,2025-12-07,159277.OF,富国中证港股通高股息投资ETF
111,2025-12-07,159278.OF,鹏华国证机器人产业ETF
112,2025-12-07,159279.OF,华安创业板人工智能ETF
113,2025-12-07,159280.OF,汇添富国证港股通互联网ETF
114,2025-12-07,159281.OF,天弘中证港股通央企红利ETF
115,2025-12-07,159283.OF,南方中证通用航空主题ETF
116,2025-12-07,159285.OF,华安国证港股通消费主题ETF
117,2025-12-07,159286.OF,鹏华国证港股通创新药ETF
118,2025-12-07,159287.OF,博时创业板综合ETF
119,2025-12-07,159288.OF,银华创业板综合ETF
120,2025-12-07,159289.OF,鹏华创业板综合ETF
121,2025-12-07,159290.OF,东财创业板综合增强策略ETF
122,2025-12-07,159291.OF,招商创业板综合增强策略ETF
123,2025-12-07,159292.OF,华宝创业板综合增强策略ETF
124,2025-12-07,159293.OF,建信创业板综合增强策略ETF
125,2025-12-07,159295.OF,西部利得创业板综合ETF
126,2025-12-07,159296.OF,华宝中证A500红利低波动ETF
127,2025-12-07,159297.OF,南方国证港股通创新药ETF
128,2025-12-07,159298.OF,大成创业板50ETF
129,2025-12-07,159299.OF,易方达中证金融科技主题ETF
130,2025-12-07,159300.OF,富国沪深300ETF
131,2025-12-07,159301.OF,华夏中证全指公用事业ETF
132,2025-12-07,159302.OF,银华中证港股通高股息投资ETF
133,2025-12-07,159303.OF,大成恒生医疗保健ETF
134,2025-12-07,159305.OF,广发国证新能源电池ETF
135,2025-12-07,159306.OF,平安中证汽车零部件主题ETF
136,2025-12-07,159307.OF,博时中证红利低波动100ETF
137,2025-12-07,159309.OF,汇添富中证油气资源ETF
138,2025-12-07,159310.OF,天弘中证芯片产业ETF
139,2025-12-07,159311.OF,易方达中证数字经济主题ETF
140,2025-12-07,159312.OF,广发恒指港股通ETF
141,2025-12-07,159315.OF,工银中证沪深港黄金产业股票ETF
142,2025-12-07,159316.OF,易方达恒生港股通创新药ETF
143,2025-12-07,159318.OF,银华恒指港股通ETF
144,2025-12-07,159320.OF,广发恒生A股电网设备ETF
145,2025-12-07,159321.OF,华安中证沪深港黄金产业股票ETF
146,2025-12-07,159322.OF,平安中证沪深港黄金产业股票ETF
147,2025-12-07,159323.OF,华夏中证港股通汽车产业主题ETF
148,2025-12-07,159325.OF,南方中证半导体行业精选ETF
149,2025-12-07,159326.OF,华夏中证电网设备主题ETF
150,2025-12-07,159327.OF,万家中证半导体材料设备主题ETF
151,2025-12-07,159328.OF,易方达中证家电龙头ETF
152,2025-12-07,159329.OF,南方基金南方东英沙特阿拉伯ETF
153,2025-12-07,159330.OF,东财沪深300ETF
154,2025-12-07,159331.OF,国泰中证港股通高股息投资ETF
155,2025-12-07,159332.OF,富国中证中央企业红利ETF
156,2025-12-07,159333.OF,万家中证港股通央企红利ETF
157,2025-12-07,159335.OF,融通中证诚通央企科技创新ETF
158,2025-12-07,159336.OF,融通中证诚通央企红利ETF
159,2025-12-07,159337.OF,东财中证500ETF
160,2025-12-07,159338.OF,国泰中证A500ETF
161,2025-12-07,159339.OF,银华中证A500ETF
162,2025-12-07,159350.OF,富国深证50ETF
163,2025-12-07,159351.OF,嘉实中证A500ETF
164,2025-12-07,159352.OF,南方中证A500ETF
165,2025-12-07,159353.OF,景顺长城中证A500ETF
166,2025-12-07,159355.OF,华宝中证800红利低波动ETF
167,2025-12-07,159356.OF,万家中证A500ETF
168,2025-12-07,159357.OF,博时中证A500ETF
169,2025-12-07,159358.OF,大成中证A500ETF
170,2025-12-07,159359.OF,华安中证A500ETF
171,2025-12-07,159360.OF,天弘中证A500ETF
172,2025-12-07,159361.OF,易方达中证A500ETF
173,2025-12-07,159362.OF,工银中证A500ETF
174,2025-12-07,159363.OF,华宝创业板人工智能ETF
175,2025-12-07,159365.OF,富国恒指港股通ETF
176,2025-12-07,159366.OF,永赢中证港股通医疗主题ETF
177,2025-12-07,159367.OF,华夏创业板50ETF
178,2025-12-07,159368.OF,华夏创业板新能源ETF
179,2025-12-07,159369.OF,易方达创业板50ETF
180,2025-12-07,159370.OF,工银创业板50ETF
181,2025-12-07,159371.OF,富国创业板50ETF
182,2025-12-07,159372.OF,万家创业板50ETF
183,2025-12-07,159373.OF,嘉实创业板50ETF
184,2025-12-07,159375.OF,国泰创业板50ETF
185,2025-12-07,159376.OF,浦银安盛中证A500ETF
186,2025-12-07,159377.OF,国泰创业板医药卫生ETF
187,2025-12-07,159378.OF,永赢国证通用航空产业ETF
188,2025-12-07,159379.OF,融通中证A500ETF
189,2025-12-07,159380.OF,东财中证A500ETF
190,2025-12-07,159381.OF,华夏创业板人工智能ETF
191,2025-12-07,159382.OF,南方创业板人工智能ETF
192,2025-12-07,159383.OF,华泰柏瑞创业板50ETF
193,2025-12-07,159385.OF,富国中证诚通国企数字经济ETF
194,2025-12-07,159386.OF,永赢中证A500ETF
195,2025-12-07,159387.OF,国泰创业板新能源ETF
196,2025-12-07,159388.OF,国泰创业板人工智能ETF
197,2025-12-07,159389.OF,嘉实中证诚通国企数字经济ETF
198,2025-12-07,159390.OF,国联中证A50ETF
199,2025-12-07,159391.OF,博时国证大盘价值ETF
200,2025-12-07,159392.OF,富国国证通用航空产业ETF
201,2025-12-07,159393.OF,万家沪深300ETF
202,2025-12-07,159395.OF,大成深证基准做市信用债ETF
203,2025-12-07,159396.OF,博时深证基准做市信用债ETF
204,2025-12-07,159397.OF,广发深证基准做市信用债ETF
205,2025-12-07,159398.OF,天弘深证基准做市信用债ETF
206,2025-12-07,159399.OF,国泰富时中国A股自由现金流聚焦ETF
207,2025-12-07,159400.OF,景顺长城深证AAA科技创新公司债ETF
208,2025-12-07,159500.OF,富国中证500ETF
209,2025-12-07,159501.OF,嘉实纳斯达克100ETF
210,2025-12-07,159502.OF,嘉实标普生物科技精选行业ETF
211,2025-12-07,159505.OF,博时国证2000ETF
212,2025-12-07,159506.OF,富国恒生港股通创新药及医疗保健ETF
213,2025-12-07,159507.OF,广发国证通信ETF
214,2025-12-07,159508.OF,华安国证生物医药ETF
215,2025-12-07,159509.OF,景顺长城纳斯达克科技市值加权ETF
216,2025-12-07,159510.OF,华夏中证智选300价值稳健策略ETF
217,2025-12-07,159511.OF,南方中证通信服务ETF
218,2025-12-07,159512.OF,广发中证全指汽车ETF
219,2025-12-07,159513.OF,大成纳斯达克100ETF
220,2025-12-07,159515.OF,鹏扬中证国有企业红利ETF
221,2025-12-07,159516.OF,国泰中证半导体材料设备主题ETF
222,2025-12-07,159517.OF,银华中证800增强策略ETF
223,2025-12-07,159518.OF,嘉实标普石油天然气勘探及生产精选行业ETF
224,2025-12-07,159519.OF,国泰中证香港内地国有企业ETF
225,2025-12-07,159520.OF,工银中证消费龙头ETF
226,2025-12-07,159521.OF,平安国证2000ETF
227,2025-12-07,159523.OF,华夏中证智选300成长创新策略ETF
228,2025-12-07,159525.OF,富国中证红利低波动ETF
229,2025-12-07,159526.OF,嘉实中证机器人ETF
230,2025-12-07,159527.OF,广发中证云计算与大数据主题ETF
231,2025-12-07,159528.OF,富国中证国有企业改革ETF
232,2025-12-07,159529.OF,景顺长城标普消费精选ETF
233,2025-12-07,159530.OF,易方达国证机器人产业ETF
234,2025-12-07,159531.OF,南方中证2000ETF
235,2025-12-07,159532.OF,易方达中证2000ETF
236,2025-12-07,159533.OF,博时中证2000ETF
237,2025-12-07,159535.OF,嘉实中证2000ETF
238,2025-12-07,159536.OF,汇添富中证2000ETF
239,2025-12-07,159537.OF,国泰国证信息技术创新主题ETF
240,2025-12-07,159538.OF,富国国证信息技术创新主题ETF
241,2025-12-07,159539.OF,广发国证信息技术创新主题ETF
242,2025-12-07,159540.OF,易方达国证信息技术创新主题ETF
243,2025-12-07,159541.OF,万家创业板综合ETF
244,2025-12-07,159542.OF,大成中证工程机械ETF
245,2025-12-07,159543.OF,工银国证2000ETF
246,2025-12-07,159545.OF,易方达恒生红利低波ETF
247,2025-12-07,159546.OF,国泰中证全指集成电路ETF
248,2025-12-07,159547.OF,华夏中证红利低波动ETF
249,2025-12-07,159549.OF,天弘中证红利低波动100ETF
250,2025-12-07,159550.OF,东财中证沪港深互联网ETF
251,2025-12-07,159551.OF,国泰中证机器人ETF
252,2025-12-07,159552.OF,招商中证2000增强策略ETF
253,2025-12-07,159553.OF,海富通中证2000增强策略ETF
254,2025-12-07,159555.OF,银华中证2000增强策略ETF
255,2025-12-07,159556.OF,平安中证2000增强策略ETF
256,2025-12-07,159557.OF,嘉实恒生医疗保健ETF
257,2025-12-07,159558.OF,易方达中证半导体材料设备主题ETF
258,2025-12-07,159559.OF,景顺长城国证机器人产业ETF
259,2025-12-07,159560.OF,景顺长城中证芯片产业ETF
260,2025-12-07,159561.OF,嘉实德国DAXETF
261,2025-12-07,159562.OF,华夏中证沪深港黄金产业股票ETF
262,2025-12-07,159563.OF,华夏创业板综合ETF
263,2025-12-07,159565.OF,易方达中证汽车零部件主题ETF
264,2025-12-07,159566.OF,易方达国证新能源电池ETF
265,2025-12-07,159567.OF,银华国证港股通创新药ETF
266,2025-12-07,159568.OF,博时中证港股通互联网ETF
267,2025-12-07,159569.OF,景顺长城国证港股通红利低波动率ETF
268,2025-12-07,159570.OF,汇添富国证港股通创新药ETF
269,2025-12-07,159571.OF,富国创业板中盘200ETF
270,2025-12-07,159572.OF,易方达创业板中盘200ETF
271,2025-12-07,159573.OF,华夏创业板中盘200ETF
272,2025-12-07,159575.OF,银华创业板中盘200ETF
273,2025-12-07,159576.OF,广发深证100ETF
274,2025-12-07,159577.OF,汇添富MSCI美国50ETF
275,2025-12-07,159578.OF,南方深证主板50ETF
276,2025-12-07,159581.OF,万家中证红利ETF
277,2025-12-07,159582.OF,博时中证半导体产业ETF
278,2025-12-07,159583.OF,富国中证通信设备主题ETF
279,2025-12-07,159586.OF,南方中证全指计算机ETF
280,2025-12-07,159587.OF,广发国证粮食产业ETF
281,2025-12-07,159588.OF,景顺长城国证石油天然气ETF
282,2025-12-07,159589.OF,广发中证红利ETF
283,2025-12-07,159590.OF,汇添富中证全指软件ETF
284,2025-12-07,159591.OF,富国中证A50ETF
285,2025-12-07,159592.OF,银华中证A50ETF
286,2025-12-07,159593.OF,平安中证A50ETF
287,2025-12-07,159595.OF,大成中证A50ETF
288,2025-12-07,159596.OF,华宝中证A50ETF
289,2025-12-07,159597.OF,易方达创业板成长ETF
290,2025-12-07,159599.OF,东财中证芯片产业ETF
291,2025-12-07,159600.OF,嘉实中证AAA科技创新公司债ETF
292,2025-12-07,159601.OF,华夏MSCI中国A50互联互通ETF
293,2025-12-07,159602.OF,南方MSCI中国A50互联互通ETF
294,2025-12-07,159603.OF,天弘中证科创创业50ETF
295,2025-12-07,159605.OF,广发中证海外中国互联网30ETF
296,2025-12-07,159606.OF,易方达中证500质量成长ETF
297,2025-12-07,159607.OF,嘉实中证海外中国互联网30ETF
298,2025-12-07,159608.OF,广发中证稀有金属主题ETF
299,2025-12-07,159609.OF,浦银安盛中证光伏产业ETF
300,2025-12-07,159610.OF,景顺长城中证500增强策略ETF
301,2025-12-07,159611.OF,广发中证全指电力公用事业ETF
302,2025-12-07,159612.OF,国泰标普500ETF
303,2025-12-07,159613.OF,嘉实中证信息安全主题ETF
304,2025-12-07,159615.OF,南方恒生生物科技ETF
305,2025-12-07,159616.OF,建信中证农牧主题ETF
306,2025-12-07,159617.OF,华夏中证智选500价值稳健策略ETF
307,2025-12-07,159618.OF,华安中证光伏产业ETF
308,2025-12-07,159619.OF,国泰中证基建ETF
309,2025-12-07,159620.OF,华夏中证智选500成长创新策略ETF
310,2025-12-07,159621.OF,国泰MSCI中国A股ESG通用ETF
311,2025-12-07,159622.OF,东财中证沪港深创新药产业ETF
312,2025-12-07,159623.OF,博时中证成渝地区双城经济圈成份ETF
313,2025-12-07,159625.OF,嘉实国证绿色电力ETF
314,2025-12-07,159627.OF,华夏中证A100ETF
315,2025-12-07,159628.OF,万家国证2000ETF
316,2025-12-07,159629.OF,富国中证1000ETF
317,2025-12-07,159630.OF,汇添富中证A100ETF
318,2025-12-07,159631.OF,招商中证A100ETF
319,2025-12-07,159632.OF,华安纳斯达克100ETF
320,2025-12-07,159633.OF,易方达中证1000ETF
321,2025-12-07,159635.OF,华夏中证基建ETF
322,2025-12-07,159636.OF,工银国证港股通科技ETF
323,2025-12-07,159637.OF,东财中证新能源汽车ETF
324,2025-12-07,159638.OF,嘉实中证高端装备细分50ETF
325,2025-12-07,159639.OF,南方中证上海环交所碳中和ETF
326,2025-12-07,159640.OF,工银中证上海环交所碳中和ETF
327,2025-12-07,159641.OF,招商中证上海环交所碳中和ETF
328,2025-12-07,159642.OF,大成中证上海环交所碳中和ETF
329,2025-12-07,159643.OF,国泰国证疫苗与生物科技ETF
330,2025-12-07,159645.OF,富国国证疫苗与生物科技ETF
331,2025-12-07,159647.OF,鹏华中证中药ETF
332,2025-12-07,159649.OF,华安中债1-5年国开行ETF
333,2025-12-07,159650.OF,博时中债0-3年国开行ETF
334,2025-12-07,159651.OF,平安中债-0-3年国开行ETF
335,2025-12-07,159652.OF,汇添富中证细分有色金属产业主题ETF
336,2025-12-07,159653.OF,国联安国证ESG300ETF
337,2025-12-07,159655.OF,华夏标普500ETF
338,2025-12-07,159656.OF,万家沪深300成长ETF
339,2025-12-07,159657.OF,鹏华国证疫苗与生物科技ETF
340,2025-12-07,159658.OF,华安中证数字经济主题ETF
341,2025-12-07,159659.OF,招商纳斯达克100ETF
342,2025-12-07,159660.OF,汇添富纳斯达克100ETF
343,2025-12-07,159661.OF,嘉实中证A100ETF
344,2025-12-07,159662.OF,南方国证交通运输行业ETF
345,2025-12-07,159663.OF,华夏中证机床ETF
346,2025-12-07,159665.OF,工银瑞信国证半导体芯片ETF
347,2025-12-07,159666.OF,华夏中证全指运输ETF
348,2025-12-07,159667.OF,国泰中证机床ETF
349,2025-12-07,159669.OF,国泰国证绿色电力ETF
350,2025-12-07,159670.OF,国联安中证消费50ETF
351,2025-12-07,159671.OF,工银中证稀有金属主题ETF
352,2025-12-07,159672.OF,博时中证主要消费ETF
353,2025-12-07,159673.OF,鹏华沪深300ETF
354,2025-12-07,159675.OF,嘉实创业板增强策略ETF
355,2025-12-07,159676.OF,富国创业板增强策略ETF
356,2025-12-07,159677.OF,银华中证1000增强策略ETF
357,2025-12-07,159678.OF,博时中证500增强策略ETF
358,2025-12-07,159679.OF,国泰中证1000增强策略ETF
359,2025-12-07,159680.OF,招商中证1000增强策略ETF
360,2025-12-07,159681.OF,鹏华创业板50ETF
361,2025-12-07,159682.OF,景顺长城创业板50ETF
362,2025-12-07,159685.OF,天弘中证1000增强策略ETF
363,2025-12-07,159686.OF,易方达中证A100ETF
364,2025-12-07,159687.OF,南方基金南方东英富时亚太低碳精选ETF
365,2025-12-07,159688.OF,华安恒生互联网科技业ETF
366,2025-12-07,159689.OF,南方中证主要消费ETF
367,2025-12-07,159690.OF,招商中证有色金属矿业主题ETF
368,2025-12-07,159691.OF,工银中证港股通高股息精选ETF
369,2025-12-07,159692.OF,东财中证证券公司30ETF
370,2025-12-07,159695.OF,嘉实国证通信ETF
371,2025-12-07,159696.OF,易方达纳斯达克100ETF
372,2025-12-07,159697.OF,鹏华国证石油天然气ETF
373,2025-12-07,159698.OF,鹏华国证粮食产业ETF
374,2025-12-07,159699.OF,广发恒生消费ETF
375,2025-12-07,159700.OF,南方中证AAA科技创新公司债ETF
376,2025-12-07,159701.OF,招商中证物联网主题ETF
377,2025-12-07,159703.OF,天弘中证新材料ETF
378,2025-12-07,159706.OF,华安深证100ETF
379,2025-12-07,159707.OF,华宝中证800地产ETF
380,2025-12-07,159708.OF,西部利得深证红利ETF
381,2025-12-07,159709.OF,工银深证物联网50ETF
382,2025-12-07,159711.OF,华夏中证港股通50ETF
383,2025-12-07,159712.OF,国泰中证港股通50ETF
384,2025-12-07,159713.OF,富国中证稀土产业ETF
385,2025-12-07,159715.OF,易方达中证稀土产业ETF
386,2025-12-07,159716.OF,华宝深证100ETF
387,2025-12-07,159717.OF,鹏华国证ESG300ETF
388,2025-12-07,159718.OF,平安中证港股通医药卫生综合ETF
389,2025-12-07,159719.OF,平安富时中国国企开放共赢ETF
390,2025-12-07,159720.OF,泰康中证智能电动汽车ETF
391,2025-12-07,159721.OF,永赢深证100ETF
392,2025-12-07,159723.OF,汇添富中证沪港深科技龙头ETF
393,2025-12-07,159725.OF,工银中证线上消费ETF
394,2025-12-07,159726.OF,华夏恒生中国内地企业高股息率ETF
395,2025-12-07,159728.OF,南方国证在线消费ETF
396,2025-12-07,159729.OF,汇添富中证沪港深互联网ETF
397,2025-12-07,159730.OF,博时国证龙头家电ETF
398,2025-12-07,159731.OF,华夏中证石化产业ETF
399,2025-12-07,159732.OF,华夏国证消费电子主题ETF
400,2025-12-07,159735.OF,银华中证港股通消费ETF
401,2025-12-07,159736.OF,天弘中证食品饮料ETF
402,2025-12-07,159738.OF,华泰柏瑞中证沪港深云计算产业ETF
403,2025-12-07,159739.OF,鹏华中证云计算与大数据主题ETF
404,2025-12-07,159740.OF,大成恒生科技ETF
405,2025-12-07,159741.OF,嘉实恒生科技ETF
406,2025-12-07,159742.OF,博时恒生科技ETF
407,2025-12-07,159743.OF,博时中证湖北新旧动能转换ETF
408,2025-12-07,159745.OF,国泰中证全指建筑材料ETF
409,2025-12-07,159747.OF,南方中证香港科技ETF
410,2025-12-07,159748.OF,富国中证沪港深创新药产业ETF
411,2025-12-07,159750.OF,招商中证香港科技ETF
412,2025-12-07,159751.OF,鹏华中证港股通科技ETF
413,2025-12-07,159752.OF,申万菱信中证内地新能源主题ETF
414,2025-12-07,159755.OF,广发国证新能源车电池ETF
415,2025-12-07,159757.OF,景顺长城国证新能源车电池ETF
416,2025-12-07,159758.OF,华夏中证红利质量ETF
417,2025-12-07,159760.OF,泰康国证公共卫生与医疗健康ETF
418,2025-12-07,159761.OF,国泰中证新材料主题ETF
419,2025-12-07,159763.OF,建信中证新材料主题ETF
420,2025-12-07,159766.OF,富国中证旅游主题ETF
421,2025-12-07,159767.OF,兴银国证新能源车电池ETF
422,2025-12-07,159768.OF,银华中证内地地产主题ETF
423,2025-12-07,159770.OF,天弘中证机器人ETF
424,2025-12-07,159773.OF,华泰柏瑞创业板科技ETF
425,2025-12-07,159775.OF,建信国证新能源车电池ETF
426,2025-12-07,159776.OF,银华中证港股通医药卫生综合ETF
427,2025-12-07,159777.OF,国联安创业板科技ETF
428,2025-12-07,159778.OF,鹏华中证工业互联网主题ETF
429,2025-12-07,159779.OF,招商中证消费电子主题ETF
430,2025-12-07,159780.OF,南方中证科创创业50ETF
431,2025-12-07,159781.OF,易方达中证科创创业50ETF
432,2025-12-07,159782.OF,银华中证科创创业50ETF
433,2025-12-07,159783.OF,华夏中证科创创业50ETF
434,2025-12-07,159786.OF,银华中证虚拟现实主题ETF
435,2025-12-07,159787.OF,易方达中证全指建筑材料ETF
436,2025-12-07,159788.OF,易方达中证港股通中国100ETF
437,2025-12-07,159790.OF,华夏中证内地低碳经济主题ETF
438,2025-12-07,159791.OF,华夏沪深300ESG基准ETF
439,2025-12-07,159792.OF,富国中证港股通互联网ETF
440,2025-12-07,159793.OF,平安中证沪港深线上消费主题ETF
441,2025-12-07,159795.OF,汇添富中证智能汽车主题ETF
442,2025-12-07,159796.OF,汇添富中证电池主题ETF
443,2025-12-07,159797.OF,汇添富中证全指医疗器械ETF
444,2025-12-07,159798.OF,易方达中证消费50ETF
445,2025-12-07,159800.OF,鹏华中证800ETF
446,2025-12-07,159801.OF,广发国证半导体芯片ETF
447,2025-12-07,159804.OF,国寿安保创精选88ETF
448,2025-12-07,159805.OF,鹏华中证传媒ETF
449,2025-12-07,159806.OF,国泰中证新能源汽车ETF
450,2025-12-07,159807.OF,易方达中证科技50ETF
451,2025-12-07,159808.OF,融通创业板ETF
452,2025-12-07,159810.OF,浦银安盛创业板ETF
453,2025-12-07,159811.OF,博时中证5G产业50ETF
454,2025-12-07,159812.OF,前海开源黄金ETF
455,2025-12-07,159813.OF,鹏华国证半导体芯片ETF
456,2025-12-07,159814.OF,西部利得创业板大盘ETF
457,2025-12-07,159816.OF,鹏华中证0-4年期地方政府债ETF
458,2025-12-07,159819.OF,易方达中证人工智能ETF
459,2025-12-07,159820.OF,天弘中证500ETF
460,2025-12-07,159821.OF,中银证券创业板ETF
461,2025-12-07,159822.OF,银华工银南方东英标普中国新经济行业ETF
462,2025-12-07,159824.OF,博时新能源汽车ETF
463,2025-12-07,159825.OF,富国中证农业主题ETF
464,2025-12-07,159827.OF,银华中证农业主题ETF
465,2025-12-07,159828.OF,国泰中证医疗ETF
466,2025-12-07,159830.OF,天弘上海金ETF
467,2025-12-07,159831.OF,嘉实上海金ETF
468,2025-12-07,159834.OF,南方上海金ETF
469,2025-12-07,159835.OF,建信中证创新药ETF
470,2025-12-07,159836.OF,天弘创业板300ETF
471,2025-12-07,159837.OF,易方达中证生物科技主题ETF
472,2025-12-07,159838.OF,博时中证医药50ETF
473,2025-12-07,159839.OF,汇添富国证生物医药ETF
474,2025-12-07,159840.OF,工银国证新能源车电池ETF
475,2025-12-07,159841.OF,天弘中证全指证券公司ETF
476,2025-12-07,159842.OF,银华中证全指证券公司ETF
477,2025-12-07,159843.OF,招商国证食品饮料ETF
478,2025-12-07,159845.OF,华夏中证1000ETF
479,2025-12-07,159847.OF,易方达中证医疗ETF
480,2025-12-07,159848.OF,国联安中证全指证券公司ETF
481,2025-12-07,159849.OF,招商中证生物科技主题ETF
482,2025-12-07,159850.OF,华夏恒生中国企业ETF
483,2025-12-07,159851.OF,华宝中证金融科技主题ETF
484,2025-12-07,159852.OF,嘉实中证软件服务ETF
485,2025-12-07,159855.OF,银华中证影视主题ETF
486,2025-12-07,159856.OF,工银中证沪港深互联网ETF
487,2025-12-07,159857.OF,天弘中证光伏产业ETF
488,2025-12-07,159858.OF,南方中证创新药ETF
489,2025-12-07,159859.OF,天弘国证生物医药ETF
490,2025-12-07,159861.OF,国泰中证环保产业50ETF
491,2025-12-07,159862.OF,银华中证细分食品饮料ETF
492,2025-12-07,159863.OF,鹏华中证光伏产业ETF
493,2025-12-07,159864.OF,国泰中证光伏产业ETF
494,2025-12-07,159865.OF,国泰中证畜牧养殖ETF
495,2025-12-07,159866.OF,工银大和日经225ETF
496,2025-12-07,159867.OF,鹏华中证畜牧养殖ETF
497,2025-12-07,159869.OF,华夏中证动漫游戏ETF
498,2025-12-07,159870.OF,鹏华中证细分化工产业主题ETF
499,2025-12-07,159871.OF,银华中证有色金属ETF
500,2025-12-07,159872.OF,鹏华中证车联网主题ETF
501,2025-12-07,159873.OF,天弘中证全指医疗保健设备与服务ETF
502,2025-12-07,159875.OF,嘉实中证新能源ETF
503,2025-12-07,159876.OF,华宝中证有色金属ETF
504,2025-12-07,159877.OF,南方中证全指医疗保健设备与服务ETF
505,2025-12-07,159880.OF,鹏华国证有色金属行业ETF
506,2025-12-07,159881.OF,国泰中证有色金属ETF
507,2025-12-07,159883.OF,永赢中证全指医疗器械ETF
508,2025-12-07,159885.OF,鹏华中证内地低碳经济ETF
509,2025-12-07,159886.OF,富国中证细分机械设备产业ETF
510,2025-12-07,159887.OF,富国中证800银行ETF
511,2025-12-07,159888.OF,华夏中证智能汽车ETF
512,2025-12-07,159889.OF,国泰中证智能汽车主题ETF
513,2025-12-07,159890.OF,招商中证云计算与大数据ETF
514,2025-12-07,159891.OF,建信中证全指医疗保健设备与服务ETF
515,2025-12-07,159892.OF,华夏恒生生物科技ETF
516,2025-12-07,159895.OF,易方达中证物联网主题ETF
517,2025-12-07,159896.OF,南方中证物联网主题ETF
518,2025-12-07,159898.OF,招商中证全指医疗器械ETF
519,2025-12-07,159899.OF,招商中证全指软件ETF
520,2025-12-07,159901.OF,易方达深证100ETF
521,2025-12-07,159902.OF,华夏中小企业100ETF
522,2025-12-07,159903.OF,南方深成ETF
523,2025-12-07,159905.OF,工银深证红利ETF
524,2025-12-07,159906.OF,大成深证成长40ETF
525,2025-12-07,159907.OF,广发国证2000ETF
526,2025-12-07,159908.OF,博时创业板ETF
527,2025-12-07,159909.OF,招商深证TMT50ETF
528,2025-12-07,159910.OF,嘉实深证基本面120ETF
529,2025-12-07,159912.OF,汇添富深证300ETF
530,2025-12-07,159913.OF,交银深证300价值ETF
531,2025-12-07,159915.OF,易方达创业板ETF
532,2025-12-07,159916.OF,建信深证基本面60ETF
533,2025-12-07,159918.OF,嘉实中创400ETF
534,2025-12-07,159919.OF,嘉实沪深300ETF
535,2025-12-07,159920.OF,华夏恒生ETF
536,2025-12-07,159922.OF,嘉实中证500ETF
537,2025-12-07,159923.OF,大成中证A100ETF
538,2025-12-07,159925.OF,南方沪深300ETF
539,2025-12-07,159928.OF,汇添富中证主要消费ETF
540,2025-12-07,159929.OF,汇添富中证医药卫生ETF
541,2025-12-07,159930.OF,汇添富中证能源ETF
542,2025-12-07,159931.OF,汇添富中证金融地产ETF
543,2025-12-07,159933.OF,国投瑞银沪深300金融地产ETF
544,2025-12-07,159934.OF,易方达黄金ETF
545,2025-12-07,159935.OF,景顺长城中证500ETF
546,2025-12-07,159936.OF,广发中证全指可选消费ETF
547,2025-12-07,159937.OF,博时黄金ETF
548,2025-12-07,159938.OF,广发中证全指医药卫生ETF
549,2025-12-07,159939.OF,广发中证全指信息技术ETF
550,2025-12-07,159940.OF,广发中证全指金融地产ETF
551,2025-12-07,159941.OF,广发纳斯达克100ETF
552,2025-12-07,159943.OF,大成深证成份ETF
553,2025-12-07,159944.OF,广发中证全指原材料ETF
554,2025-12-07,159945.OF,广发中证全指能源ETF
555,2025-12-07,159948.OF,南方创业板ETF
556,2025-12-07,159949.OF,华安创业板50ETF
557,2025-12-07,159952.OF,广发创业板ETF
558,2025-12-07,159954.OF,南方恒生中国企业ETF
559,2025-12-07,159956.OF,建信创业板ETF
560,2025-12-07,159957.OF,华夏创业板ETF
561,2025-12-07,159958.OF,工银创业板ETF
562,2025-12-07,159959.OF,银华央企结构调整ETF
563,2025-12-07,159960.OF,平安港股通恒生中国企业ETF
564,2025-12-07,159961.OF,方正富邦深证100ETF
565,2025-12-07,159964.OF,平安创业板ETF
566,2025-12-07,159965.OF,国联央视财经50ETF
567,2025-12-07,159966.OF,华夏创业板低波价值ETF
568,2025-12-07,159967.OF,华夏创成长ETF
569,2025-12-07,159968.OF,博时中证500ETF
570,2025-12-07,159969.OF,银华深证100ETF
571,2025-12-07,159970.OF,工银深证100ETF
572,2025-12-07,159971.OF,富国创业板ETF
573,2025-12-07,159972.OF,鹏华中证5年期地方政府债ETF
574,2025-12-07,159973.OF,弘毅远方国证民企领先100ETF
575,2025-12-07,159974.OF,富国中证央企创新驱动ETF
576,2025-12-07,159975.OF,招商深证100ETF
577,2025-12-07,159976.OF,工银粤港澳大湾区创新100ETF
578,2025-12-07,159977.OF,天弘创业板ETF
579,2025-12-07,159980.OF,大成有色金属期货ETF
580,2025-12-07,159981.OF,建信易盛郑商所能源化工期货ETF
581,2025-12-07,159982.OF,鹏华中证500ETF
582,2025-12-07,159985.OF,华夏饲料豆粕期货ETF
583,2025-12-07,159991.OF,招商创业板大盘ETF
584,2025-12-07,159992.OF,银华中证创新药产业ETF
585,2025-12-07,159993.OF,鹏华国证证券龙头ETF
586,2025-12-07,159994.OF,银华中证5G通信主题ETF
587,2025-12-07,159995.OF,华夏国证半导体芯片ETF
588,2025-12-07,159996.OF,国泰中证全指家用电器ETF
589,2025-12-07,159997.OF,天弘中证电子ETF
590,2025-12-07,159998.OF,天弘中证计算机主题ETF
591,2025-12-07,510010.OF,交银180治理ETF
592,2025-12-07,510020.OF,博时超大盘ETF
593,2025-12-07,510030.OF,华宝上证180价值ETF
594,2025-12-07,510040.OF,鹏华上证180ETF
595,2025-12-07,510050.OF,华夏上证50ETF
596,2025-12-07,510060.OF,工银上证央企50ETF
597,2025-12-07,510090.OF,建信上证社会责任ETF
598,2025-12-07,510100.OF,易方达上证50ETF
599,2025-12-07,510130.OF,易方达上证中盘ETF
600,2025-12-07,510150.OF,招商上证消费80ETF
601,2025-12-07,510160.OF,南方小康产业ETF
602,2025-12-07,510170.OF,国联安上证商品ETF
603,2025-12-07,510180.OF,华安上证180ETF
604,2025-12-07,510190.OF,华安上证50ETF
605,2025-12-07,510200.OF,汇安上证证券ETF
606,2025-12-07,510210.OF,富国上证综指ETF
607,2025-12-07,510230.OF,国泰上证180金融ETF
608,2025-12-07,510270.OF,中银上证国企ETF
609,2025-12-07,510290.OF,南方上证380ETF
610,2025-12-07,510300.OF,华泰柏瑞沪深300ETF
611,2025-12-07,510310.OF,易方达沪深300ETF
612,2025-12-07,510320.OF,中金沪深300ETF
613,2025-12-07,510330.OF,华夏沪深300ETF
614,2025-12-07,510350.OF,工银沪深300ETF
615,2025-12-07,510360.OF,广发沪深300ETF
616,2025-12-07,510370.OF,兴业沪深300ETF
617,2025-12-07,510380.OF,国寿安保沪深300ETF
618,2025-12-07,510390.OF,平安沪深300ETF
619,2025-12-07,510410.OF,博时自然资源ETF
620,2025-12-07,510500.OF,南方中证500ETF
621,2025-12-07,510510.OF,广发中证500ETF
622,2025-12-07,510530.OF,工银中证500ETF
623,2025-12-07,510550.OF,方正富邦中证500ETF
624,2025-12-07,510560.OF,国寿安保中证500ETF
625,2025-12-07,510570.OF,兴业中证500ETF
626,2025-12-07,510580.OF,易方达中证500ETF
627,2025-12-07,510590.OF,平安中证500ETF
628,2025-12-07,510600.OF,申万菱信上证50ETF
629,2025-12-07,510630.OF,华夏上证主要消费ETF
630,2025-12-07,510650.OF,华夏上证金融地产ETF
631,2025-12-07,510660.OF,华夏上证医药卫生ETF
632,2025-12-07,510670.OF,华夏上证180ETF
633,2025-12-07,510680.OF,万家上证50ETF
634,2025-12-07,510710.OF,博时上证50ETF
635,2025-12-07,510720.OF,国泰上证国有企业红利ETF
636,2025-12-07,510760.OF,国泰上证综合ETF
637,2025-12-07,510770.OF,申万菱信上证G60战略新兴产业成份ETF
638,2025-12-07,510800.OF,建信上证50ETF
639,2025-12-07,510810.OF,汇添富中证上海国企ETF
640,2025-12-07,510850.OF,工银上证50ETF
641,2025-12-07,510880.OF,华泰柏瑞上证红利ETF
642,2025-12-07,510900.OF,易方达恒生H股ETF
643,2025-12-07,510950.OF,广发上证50ETF
644,2025-12-07,510980.OF,汇添富上证综合ETF
645,2025-12-07,510990.OF,工银中证180ESGETF
646,2025-12-07,511010.OF,国泰上证5年期国债ETF
647,2025-12-07,511020.OF,平安5-10年期国债活跃券ETF
648,2025-12-07,511030.OF,平安中债-中高等级公司债利差因子ETF
649,2025-12-07,511060.OF,海富通上证5年期地方政府债ETF
650,2025-12-07,511070.OF,南方上证基准做市公司债ETF
651,2025-12-07,511090.OF,鹏扬中债-30年期国债ETF
652,2025-12-07,511100.OF,华夏上证基准做市国债ETF
653,2025-12-07,511110.OF,易方达上证基准做市公司债ETF
654,2025-12-07,511120.OF,广发上证AAA科技创新公司债ETF
655,2025-12-07,511130.OF,博时上证30年期国债ETF
656,2025-12-07,511150.OF,永赢上证AAA科技创新公司债ETF
657,2025-12-07,511160.OF,东财中证1-3年国债ETF
658,2025-12-07,511180.OF,海富通上证投资级可转债ETF
659,2025-12-07,511190.OF,海富通上证基准做市公司债ETF
660,2025-12-07,511200.OF,华夏上证基准做市公司债ETF
661,2025-12-07,511220.OF,海富通上证城投债ETF
662,2025-12-07,511260.OF,国泰上证10年期国债ETF
663,2025-12-07,511270.OF,海富通上证10年期地方政府债ETF
664,2025-12-07,511360.OF,海富通中证短融ETF
665,2025-12-07,511380.OF,博时中证可转债及可交换债券ETF
666,2025-12-07,511520.OF,富国中债7-10年政策性金融债ETF
667,2025-12-07,511580.OF,招商中证国债及政策性金融债0-3年ETF
668,2025-12-07,511600.OF,华安日日鑫H
669,2025-12-07,511620.OF,国泰瞬利A
670,2025-12-07,511650.OF,华夏快线E
671,2025-12-07,511660.OF,建信现金添益H
672,2025-12-07,511670.OF,华泰紫金天天金A
673,2025-12-07,511690.OF,大成添益E
674,2025-12-07,511700.OF,场内货币
675,2025-12-07,511770.OF,金鹰现金增益E
676,2025-12-07,511800.OF,易方达货币E
677,2025-12-07,511810.OF,南方理财金H
678,2025-12-07,511820.OF,鹏华添利B
679,2025-12-07,511830.OF,华泰柏瑞交易货币A
680,2025-12-07,511850.OF,招商财富宝E
681,2025-12-07,511860.OF,博时保证金A
682,2025-12-07,511880.OF,银华日利A
683,2025-12-07,511900.OF,富国收益宝H
684,2025-12-07,511910.OF,融通易支付货币E
685,2025-12-07,511920.OF,广发货币E
686,2025-12-07,511930.OF,国联日日盈A
687,2025-12-07,511950.OF,广发添利A
688,2025-12-07,511960.OF,嘉实快线H
689,2025-12-07,511970.OF,国寿安保货币E
690,2025-12-07,511980.OF,汇添富添富通E
691,2025-12-07,511990.OF,华宝现金添益A
692,2025-12-07,512000.OF,华宝中证全指证券公司ETF
693,2025-12-07,512010.OF,易方达沪深300医药ETF
694,2025-12-07,512020.OF,鹏华中证A500ETF
695,2025-12-07,512030.OF,易方达中证A50增强策略ETF
696,2025-12-07,512040.OF,富国中证价值ETF
697,2025-12-07,512050.OF,华夏中证A500ETF
698,2025-12-07,512060.OF,天弘中证A100ETF
699,2025-12-07,512070.OF,易方达沪深300非银ETF
700,2025-12-07,512080.OF,中金中证A500ETF
701,2025-12-07,512090.OF,易方达MSCI中国A股国际通ETF
702,2025-12-07,512100.OF,南方中证1000ETF
703,2025-12-07,512120.OF,华安中证细分医药ETF
704,2025-12-07,512130.OF,鹏华中证全指自由现金流ETF
705,2025-12-07,512150.OF,汇安富时中国A50ETF
706,2025-12-07,512160.OF,南方MSCI中国A股国际通ETF
707,2025-12-07,512170.OF,华宝中证医疗ETF
708,2025-12-07,512180.OF,建信MSCI中国A股国际通ETF
709,2025-12-07,512190.OF,浙商汇金中证凤凰50ETF
710,2025-12-07,512200.OF,南方中证全指房地产ETF
711,2025-12-07,512220.OF,景顺长城中证科技传媒通信150ETF
712,2025-12-07,512240.OF,鹏华中证A50ETF
713,2025-12-07,512250.OF,招商中证A50ETF
714,2025-12-07,512260.OF,华安中证500低波ETF
715,2025-12-07,512290.OF,国泰中证生物医药ETF
716,2025-12-07,512330.OF,南方中证500信息技术ETF
717,2025-12-07,512360.OF,平安MSCI中国A股国际ETF
718,2025-12-07,512370.OF,华夏中证A500增强策略ETF
719,2025-12-07,512380.OF,银华MSCI中国A股ETF
720,2025-12-07,512390.OF,平安MSCI中国A股低波动ETF
721,2025-12-07,512400.OF,南方中证申万有色金属ETF
722,2025-12-07,512480.OF,国联安中证全指半导体ETF
723,2025-12-07,512500.OF,华夏中证500ETF
724,2025-12-07,512510.OF,华泰柏瑞中证500ETF
725,2025-12-07,512520.OF,华泰柏瑞MSCI中国A股国际通ETF
726,2025-12-07,512530.OF,建信沪深300红利ETF
727,2025-12-07,512550.OF,嘉实富时中国A50ETF
728,2025-12-07,512560.OF,易方达中证军工ETF
729,2025-12-07,512570.OF,易方达中证全指证券公司ETF
730,2025-12-07,512580.OF,广发中证环保产业ETF
731,2025-12-07,512600.OF,嘉实中证主要消费ETF
732,2025-12-07,512620.OF,天弘中证农业主题ETF
733,2025-12-07,512630.OF,广发中证卫星产业ETF
734,2025-12-07,512640.OF,嘉实中证金融地产ETF
735,2025-12-07,512650.OF,汇添富中证长三角一体化发展ETF
736,2025-12-07,512660.OF,国泰中证军工ETF
737,2025-12-07,512670.OF,鹏华中证国防ETF
738,2025-12-07,512680.OF,广发中证军工ETF
739,2025-12-07,512690.OF,鹏华中证酒ETF
740,2025-12-07,512700.OF,南方中证银行ETF
741,2025-12-07,512710.OF,富国中证军工龙头ETF
742,2025-12-07,512720.OF,国泰中证计算机ETF
743,2025-12-07,512730.OF,鹏华中证银行ETF
744,2025-12-07,512750.OF,嘉实中证锐联基本面50ETF
745,2025-12-07,512760.OF,国泰CES半导体芯片ETF
746,2025-12-07,512770.OF,华夏战略新兴成指ETF
747,2025-12-07,512800.OF,华宝中证银行ETF
748,2025-12-07,512810.OF,华宝中证军工ETF
749,2025-12-07,512820.OF,汇添富中证银行ETF
750,2025-12-07,512870.OF,南华中证杭州湾区ETF
751,2025-12-07,512880.OF,国泰中证全指证券公司ETF
752,2025-12-07,512890.OF,华泰柏瑞红利低波ETF
753,2025-12-07,512900.OF,南方中证全指证券公司ETF
754,2025-12-07,512910.OF,广发中证A100ETF
755,2025-12-07,512930.OF,平安中证人工智能ETF
756,2025-12-07,512950.OF,华夏央企结构调整ETF
757,2025-12-07,512960.OF,博时央企结构调整ETF
758,2025-12-07,512970.OF,平安粤港澳大湾区ETF
759,2025-12-07,512980.OF,广发中证传媒ETF
760,2025-12-07,512990.OF,华夏MSCI中国A股国际通ETF
761,2025-12-07,513000.OF,易方达奥明日经225ETF
762,2025-12-07,513010.OF,易方达恒生科技ETF
763,2025-12-07,513020.OF,国泰中证港股通科技ETF
764,2025-12-07,513030.OF,华安德国(DAX)ETF
765,2025-12-07,513040.OF,易方达中证港股通互联网ETF
766,2025-12-07,513050.OF,易方达中证海外互联ETF
767,2025-12-07,513060.OF,博时恒生医疗保健ETF
768,2025-12-07,513070.OF,易方达中证港股通消费主题ETF
769,2025-12-07,513080.OF,华安法国CAC40ETF
770,2025-12-07,513090.OF,易方达中证香港证券投资主题ETF
771,2025-12-07,513100.OF,国泰纳斯达克100ETF
772,2025-12-07,513110.OF,华泰柏瑞纳斯达克100ETF
773,2025-12-07,513120.OF,广发中证香港创新药ETF
774,2025-12-07,513130.OF,华泰柏瑞恒生科技ETF
775,2025-12-07,513140.OF,华泰柏瑞中证香港300金融服务ETF
776,2025-12-07,513150.OF,华泰柏瑞中证港股通科技ETF
777,2025-12-07,513160.OF,银华恒生港股通中国科技ETF
778,2025-12-07,513170.OF,鹏华恒生中国央企ETF
779,2025-12-07,513180.OF,华夏恒生科技ETF
780,2025-12-07,513190.OF,华夏中证港股通内地金融ETF
781,2025-12-07,513200.OF,易方达中证港股通医药卫生综合ETF
782,2025-12-07,513210.OF,易方达恒生ETF
783,2025-12-07,513220.OF,招商中证全球中国互联网ETF
784,2025-12-07,513230.OF,华夏中证港股通消费主题ETF
785,2025-12-07,513260.OF,汇添富恒生科技ETF
786,2025-12-07,513280.OF,汇添富恒生生物科技ETF
787,2025-12-07,513290.OF,汇添富纳斯达克生物科技ETF
788,2025-12-07,513300.OF,华夏纳斯达克100ETF
789,2025-12-07,513310.OF,华泰柏瑞中证韩交所中韩半导体ETF
790,2025-12-07,513320.OF,易方达恒生港股通新经济ETF
791,2025-12-07,513330.OF,华夏恒生互联网科技业ETF
792,2025-12-07,513350.OF,富国标普石油天然气勘探及生产精选行业ETF
793,2025-12-07,513360.OF,博时中证全球中国教育ETF
794,2025-12-07,513380.OF,广发恒生科技ETF
795,2025-12-07,513390.OF,博时纳斯达克100ETF
796,2025-12-07,513400.OF,鹏华道琼斯工业平均ETF
797,2025-12-07,513500.OF,博时标普500ETF
798,2025-12-07,513520.OF,华夏野村日经225ETF
799,2025-12-07,513530.OF,华泰柏瑞中证港股通高股息投资ETF
800,2025-12-07,513550.OF,华泰柏瑞中证港股通50ETF
801,2025-12-07,513560.OF,兴银中证港股通科技ETF
802,2025-12-07,513580.OF,华安恒生科技ETF
803,2025-12-07,513590.OF,鹏华中证港股通消费主题ETF
804,2025-12-07,513600.OF,南方恒生ETF
805,2025-12-07,513630.OF,摩根标普港股通低波红利ETF
806,2025-12-07,513650.OF,南方标普500ETF
807,2025-12-07,513660.OF,华夏沪港通恒生ETF
808,2025-12-07,513690.OF,博时恒生港股通高股息率ETF
809,2025-12-07,513700.OF,鹏华中证港股通医药卫生综合ETF
810,2025-12-07,513723.OF,国泰中证港股通互联网ETF
811,2025-12-07,513730.OF,华泰柏瑞南方东英新交所泛东南亚科技ETF
812,2025-12-07,513750.OF,广发中证港股通非银行金融主题ETF
813,2025-12-07,513770.OF,华宝中证港股通互联网ETF
814,2025-12-07,513780.OF,景顺长城中证港股通创新药ETF
815,2025-12-07,513800.OF,南方东证指数ETF
816,2025-12-07,513810.OF,华夏中证香港内地国有企业ETF
817,2025-12-07,513820.OF,汇添富中证港股通高股息投资ETF
818,2025-12-07,513830.OF,嘉实中证港股通高股息投资ETF
819,2025-12-07,513850.OF,易方达MSCI美国50ETF
820,2025-12-07,513860.OF,海富通中证港股通科技ETF
821,2025-12-07,513870.OF,富国纳斯达克100ETF
822,2025-12-07,513880.OF,华安三菱日联日经225ETF
823,2025-12-07,513890.OF,摩根恒生科技ETF
824,2025-12-07,513900.OF,华安CES港股通精选100ETF
825,2025-12-07,513910.OF,华夏中证港股通央企红利ETF
826,2025-12-07,513920.OF,华安恒生港股通中国央企红利ETF
827,2025-12-07,513950.OF,富国恒生港股通高股息低波动ETF
828,2025-12-07,513970.OF,景顺长城恒生消费ETF
829,2025-12-07,513980.OF,景顺长城中证港股通科技ETF
830,2025-12-07,513990.OF,招商上证港股通ETF
831,2025-12-07,515000.OF,华宝中证科技龙头ETF
832,2025-12-07,515010.OF,华夏中证全指证券公司ETF
833,2025-12-07,515020.OF,华夏中证银行ETF
834,2025-12-07,515030.OF,华夏中证新能源汽车ETF
835,2025-12-07,515050.OF,华夏中证5G通信主题ETF
836,2025-12-07,515060.OF,华夏中证全指房地产ETF
837,2025-12-07,515070.OF,华夏中证人工智能ETF
838,2025-12-07,515080.OF,招商中证红利ETF
839,2025-12-07,515090.OF,博时可持续发展100ETF
840,2025-12-07,515100.OF,景顺长城中证红利低波动100ETF
841,2025-12-07,515110.OF,易方达中证国企一带一路ETF
842,2025-12-07,515120.OF,广发中证创新药产业ETF
843,2025-12-07,515130.OF,博时沪深300ETF
844,2025-12-07,515150.OF,富国中证国企一带一路ETF
845,2025-12-07,515160.OF,招商MSCI中国A股国际通ETF
846,2025-12-07,515170.OF,华夏中证细分食品饮料产业主题ETF
847,2025-12-07,515180.OF,易方达中证红利ETF
848,2025-12-07,515190.OF,中银证券中证500ETF
849,2025-12-07,515200.OF,申万菱信中证研发创新100ETF
850,2025-12-07,515210.OF,国泰中证钢铁ETF
851,2025-12-07,515220.OF,国泰中证煤炭ETF
852,2025-12-07,515230.OF,国泰中证全指软件ETF
853,2025-12-07,515250.OF,富国中证智能汽车主题ETF
854,2025-12-07,515260.OF,华宝中证电子50ETF
855,2025-12-07,515290.OF,天弘中证银行ETF
856,2025-12-07,515300.OF,嘉实沪深300红利低波动ETF
857,2025-12-07,515310.OF,汇添富沪深300ETF
858,2025-12-07,515320.OF,华安中证电子50ETF
859,2025-12-07,515330.OF,天弘沪深300ETF
860,2025-12-07,515350.OF,民生加银沪深300ETF
861,2025-12-07,515360.OF,方正富邦沪深300ETF
862,2025-12-07,515370.OF,华夏中证光伏产业ETF
863,2025-12-07,515380.OF,泰康沪深300ETF
864,2025-12-07,515390.OF,华安沪深300ETF
865,2025-12-07,515400.OF,富国中证大数据产业ETF
866,2025-12-07,515450.OF,南方标普中国A股大盘红利低波50ETF
867,2025-12-07,515530.OF,泰康中证500ETF
868,2025-12-07,515550.OF,国联中证500ETF
869,2025-12-07,515560.OF,建信中证全指证券公司ETF
870,2025-12-07,515580.OF,华泰柏瑞中证科技100ETF
871,2025-12-07,515590.OF,前海开源中证500等权ETF
872,2025-12-07,515600.OF,广发中证央企创新驱动ETF
873,2025-12-07,515630.OF,鹏华中证800证券保险ETF
874,2025-12-07,515650.OF,富国中证消费50ETF
875,2025-12-07,515660.OF,国联安沪深300ETF
876,2025-12-07,515680.OF,嘉实中证央企创新驱动ETF
877,2025-12-07,515700.OF,平安中证新能源汽车产业ETF
878,2025-12-07,515710.OF,华宝中证细分食品饮料产业主题ETF
879,2025-12-07,515720.OF,富国中证金融科技主题ETF
880,2025-12-07,515730.OF,永赢中证家居家电ETF
881,2025-12-07,515750.OF,富国中证科技50策略ETF
882,2025-12-07,515760.OF,华夏中证浙江国资创新发展ETF
883,2025-12-07,515770.OF,摩根MSCI中国A股ETF
884,2025-12-07,515790.OF,华泰柏瑞中证光伏产业ETF
885,2025-12-07,515800.OF,汇添富中证800ETF
886,2025-12-07,515810.OF,易方达中证800ETF
887,2025-12-07,515850.OF,富国中证全指证券公司ETF
888,2025-12-07,515860.OF,嘉实新兴科技100ETF
889,2025-12-07,515880.OF,国泰中证全指通信设备ETF
890,2025-12-07,515890.OF,博时中证红利ETF
891,2025-12-07,515900.OF,博时央企创新驱动ETF
892,2025-12-07,515910.OF,中金质量ETF
893,2025-12-07,515920.OF,博时智能消费ETF
894,2025-12-07,515950.OF,富国中证医药50ETF
895,2025-12-07,515960.OF,嘉实中证医药健康100策略ETF
896,2025-12-07,515980.OF,华富中证人工智能产业ETF
897,2025-12-07,515990.OF,汇添富中证国企一带一路ETF
898,2025-12-07,516000.OF,华夏中证大数据产业ETF
899,2025-12-07,516010.OF,国泰中证动漫游戏ETF
900,2025-12-07,516020.OF,华宝化工ETF
901,2025-12-07,516050.OF,工银中证科技龙头ETF
902,2025-12-07,516060.OF,工银中证创新药ETF
903,2025-12-07,516070.OF,易方达中证内地低碳经济ETF
904,2025-12-07,516080.OF,易方达中证创新药产业ETF
905,2025-12-07,516090.OF,易方达中证新能源ETF
906,2025-12-07,516100.OF,华夏中证金融科技主题ETF
907,2025-12-07,516110.OF,国泰中证800汽车与零部件ETF
908,2025-12-07,516120.OF,富国中证细分化工产业主题ETF
909,2025-12-07,516130.OF,华宝中证消费龙头ETF
910,2025-12-07,516150.OF,嘉实中证稀土产业ETF
911,2025-12-07,516160.OF,南方中证新能源ETF
912,2025-12-07,516180.OF,平安中证光伏产业ETF
913,2025-12-07,516190.OF,华夏中证文娱传媒ETF
914,2025-12-07,516200.OF,华安中证全指证券公司ETF
915,2025-12-07,516210.OF,华安中证银行ETF
916,2025-12-07,516220.OF,国泰中证细分化工产业ETF
917,2025-12-07,516253.OF,富国中证工程机械主题ETF
918,2025-12-07,516260.OF,华夏中证物联网主题ETF
919,2025-12-07,516270.OF,华安中证内地新能源主题ETF
920,2025-12-07,516290.OF,汇添富中证光伏产业ETF
921,2025-12-07,516300.OF,华泰柏瑞中证1000ETF
922,2025-12-07,516310.OF,易方达中证银行ETF
923,2025-12-07,516320.OF,华夏中证装备产业ETF
924,2025-12-07,516330.OF,华泰柏瑞中证物联网ETF
925,2025-12-07,516350.OF,易方达中证芯片产业ETF
926,2025-12-07,516360.OF,华宝中证新材料ETF
927,2025-12-07,516380.OF,华宝中证智能电动汽车ETF
928,2025-12-07,516390.OF,汇添富中证新能源汽车ETF
929,2025-12-07,516460.OF,鹏华中证800自由现金流ETF
930,2025-12-07,516500.OF,华夏中证生物科技主题ETF
931,2025-12-07,516510.OF,易方达中证云计算与大数据ETF
932,2025-12-07,516520.OF,华泰柏瑞中证智能汽车ETF
933,2025-12-07,516530.OF,银华中证现代物流ETF
934,2025-12-07,516550.OF,嘉实中证大农业ETF
935,2025-12-07,516560.OF,华宝中证养老产业ETF
936,2025-12-07,516570.OF,易方达中证石化产业ETF
937,2025-12-07,516580.OF,博时中证新能源ETF
938,2025-12-07,516590.OF,易方达中证智能电动汽车ETF
939,2025-12-07,516600.OF,工银中证消费服务ETF
940,2025-12-07,516610.OF,大成中证全指医疗保健设备与服务ETF
941,2025-12-07,516620.OF,国泰中证影视主题ETF
942,2025-12-07,516630.OF,华夏中证云计算与大数据主题ETF
943,2025-12-07,516640.OF,富国中证芯片产业ETF
944,2025-12-07,516650.OF,华夏中证细分有色金属产业ETF
945,2025-12-07,516660.OF,华安中证新能源汽车ETF
946,2025-12-07,516670.OF,招商中证畜牧养殖ETF
947,2025-12-07,516700.OF,华宝中证大数据产业ETF
948,2025-12-07,516710.OF,华夏中证新材料主题ETF
949,2025-12-07,516720.OF,浦银安盛中证ESG120策略ETF
950,2025-12-07,516730.OF,浦银安盛中证证券公司30ETF
951,2025-12-07,516750.OF,富国中证全指建筑材料ETF
952,2025-12-07,516760.OF,平安中证畜牧养殖ETF
953,2025-12-07,516770.OF,华泰柏瑞中证动漫游戏ETF
954,2025-12-07,516780.OF,华泰柏瑞中证稀土产业ETF
955,2025-12-07,516790.OF,华泰柏瑞中证全指医疗保健设备与服务ETF
956,2025-12-07,516800.OF,华宝智能制造ETF
957,2025-12-07,516810.OF,华夏中证农业主题ETF
958,2025-12-07,516820.OF,平安中证医药及医疗器械创新ETF
959,2025-12-07,516830.OF,富国沪深300ESG基准ETF
960,2025-12-07,516850.OF,华夏中证新能源ETF
961,2025-12-07,516860.OF,博时金融科技ETF
962,2025-12-07,516880.OF,银华光伏50ETF
963,2025-12-07,516890.OF,平安中证新材料ETF
964,2025-12-07,516900.OF,华安中证申万食品饮料ETF
965,2025-12-07,516910.OF,富国中证现代物流ETF
966,2025-12-07,516920.OF,汇添富中证芯片产业ETF
967,2025-12-07,516930.OF,民生加银中证生物科技ETF
968,2025-12-07,516950.OF,银华中证基建ETF
969,2025-12-07,516960.OF,国泰中证细分机械设备产业ETF
970,2025-12-07,516970.OF,广发中证基建工程ETF
971,2025-12-07,516980.OF,华富中证证券公司先锋策略ETF
972,2025-12-07,517000.OF,银华中证沪港深500ETF
973,2025-12-07,517010.OF,易方达中证沪港深500ETF
974,2025-12-07,517030.OF,易方达中证沪港深300ETF
975,2025-12-07,517050.OF,华泰柏瑞中证沪港深互联网ETF
976,2025-12-07,517080.OF,汇添富中证沪港深500ETF
977,2025-12-07,517090.OF,国泰富时中国国企开放共赢ETF
978,2025-12-07,517100.OF,富国中证沪港深500ETF
979,2025-12-07,517110.OF,国泰中证沪港深创新药产业ETF
980,2025-12-07,517120.OF,华泰柏瑞中证沪港深创新药ETF
981,2025-12-07,517160.OF,南方中证长江保护主题ETF
982,2025-12-07,517170.OF,华夏中证沪港深500ETF
983,2025-12-07,517180.OF,南方富时中国国企开放共赢ETF
984,2025-12-07,517200.OF,嘉实中证沪港深互联网ETF
985,2025-12-07,517300.OF,国寿安保中证沪港深300ETF
986,2025-12-07,517330.OF,易方达中证长江保护主题ETF
987,2025-12-07,517350.OF,广发中证沪港深科技龙头ETF
988,2025-12-07,517360.OF,华安中证沪港深科技100ETF
989,2025-12-07,517380.OF,天弘恒生沪深港创新药精选50ETF
990,2025-12-07,517390.OF,天弘中证沪港深云计算产业ETF
991,2025-12-07,517400.OF,国泰中证沪深港黄金产业股票ETF
992,2025-12-07,517520.OF,永赢中证沪深港黄金产业股票ETF
993,2025-12-07,517550.OF,招商中证沪港深消费龙头ETF
994,2025-12-07,517660.OF,天弘中证沪港深物联网主题ETF
995,2025-12-07,517770.OF,浦银安盛中证沪港深游戏及文化传媒ETF
996,2025-12-07,517800.OF,方正富邦中证沪港深人工智能50ETF
997,2025-12-07,517850.OF,汇添富中证沪港深张江自主创新50ETF
998,2025-12-07,517880.OF,华泰柏瑞中证沪港深品牌消费50ETF
999,2025-12-07,517900.OF,招商中证银行AH价格优选ETF
1000,2025-12-07,517953.OF,交银中证智选沪深港科技50ETF
1001,2025-12-07,517990.OF,招商中证沪港深500医药卫生ETF
1002,2025-12-07,518600.OF,广发上海金ETF
1003,2025-12-07,518660.OF,工银黄金ETF
1004,2025-12-07,518680.OF,富国上海金ETF
1005,2025-12-07,518800.OF,国泰黄金ETF
1006,2025-12-07,518850.OF,华夏黄金ETF
1007,2025-12-07,518860.OF,建信上海金ETF
1008,2025-12-07,518880.OF,华安黄金ETF
1009,2025-12-07,518890.OF,中银上海金ETF
1010,2025-12-07,520500.OF,华泰柏瑞恒生创新药ETF
1011,2025-12-07,520510.OF,华夏中证港股通医疗主题ETF
1012,2025-12-07,520520.OF,华泰柏瑞恒生消费ETF
1013,2025-12-07,520530.OF,东财中证港股通科技ETF
1014,2025-12-07,520550.OF,招商恒生港股通高股息低波动ETF
1015,2025-12-07,520560.OF,华宝港股通恒生中国(香港上市)30ETF
1016,2025-12-07,520570.OF,南方恒生科技ETF
1017,2025-12-07,520580.OF,招商利安新兴亚洲精选ETF
1018,2025-12-07,520590.OF,鹏华恒生科技ETF
1019,2025-12-07,520600.OF,广发中证港股通汽车产业主题ETF
1020,2025-12-07,520620.OF,嘉实恒生消费ETF
1021,2025-12-07,520630.OF,广发中证港股通互联网ETF
1022,2025-12-07,520650.OF,南方中证港股通互联网ETF
1023,2025-12-07,520660.OF,南方中证国新港股通央企红利ETF
1024,2025-12-07,520670.OF,嘉实恒生港股通科技主题ETF
1025,2025-12-07,520690.OF,博时恒生港股通创新药精选ETF
1026,2025-12-07,520700.OF,万家中证港股通创新药ETF
1027,2025-12-07,520720.OF,国泰中证港股通汽车产业主题ETF
1028,2025-12-07,520773.OF,建信恒指港股通ETF
1029,2025-12-07,520780.OF,华宝中证港股通汽车产业主题ETF
1030,2025-12-07,520813.OF,易方达中证港股通高股息投资ETF
1031,2025-12-07,520820.OF,汇添富恒指港股通ETF
1032,2025-12-07,520830.OF,华泰柏瑞南方东英沙特阿拉伯ETF
1033,2025-12-07,520840.OF,华安恒生港股通科技主题ETF
1034,2025-12-07,520860.OF,富国中证港股通科技ETF
1035,2025-12-07,520870.OF,易方达伊塔乌巴西IBOVESPAETF
1036,2025-12-07,520880.OF,华宝恒生港股通创新药精选ETF
1037,2025-12-07,520890.OF,华泰柏瑞恒生港股通高股息低波动ETF
1038,2025-12-07,520900.OF,广发中证国新港股通央企红利ETF
1039,2025-12-07,520920.OF,天弘恒生科技ETF
1040,2025-12-07,520940.OF,华安恒指港股通ETF
1041,2025-12-07,520950.OF,摩根恒生港股通50ETF
1042,2025-12-07,520960.OF,嘉实恒指港股通ETF
1043,2025-12-07,520970.OF,嘉实中证港股通创新药ETF
1044,2025-12-07,520980.OF,汇添富恒生港股通中国科技ETF
1045,2025-12-07,520990.OF,景顺长城中证国新港股通央企红利ETF
1046,2025-12-07,530000.OF,天弘上证50ETF
1047,2025-12-07,530050.OF,东财上证50ETF
1048,2025-12-07,530080.OF,天弘上证180ETF
1049,2025-12-07,530100.OF,易方达上证580ETF
1050,2025-12-07,530180.OF,易方达上证180ETF
1051,2025-12-07,530280.OF,平安上证180ETF
1052,2025-12-07,530300.OF,华泰柏瑞上证180ETF
1053,2025-12-07,530380.OF,易方达上证380ETF
1054,2025-12-07,530530.OF,华夏上证580ETF
1055,2025-12-07,530580.OF,南方上证180ETF
1056,2025-12-07,530680.OF,兴业上证180ETF
1057,2025-12-07,530800.OF,银华上证180ETF
1058,2025-12-07,530880.OF,银河上证国有企业红利ETF
1059,2025-12-07,551000.OF,博时上证AAA科创债ETF
1060,2025-12-07,551030.OF,鹏华上证AAA科创债ETF
1061,2025-12-07,551060.OF,中银上证AAA科创债ETF
1062,2025-12-07,551300.OF,摩根上证AAA科技创新公司债ETF
1063,2025-12-07,551500.OF,易方达中证AAA科技创新公司债ETF
1064,2025-12-07,551510.OF,华泰柏瑞中证AAA科技创新公司债ETF
1065,2025-12-07,551520.OF,汇添富中证AAA科创债ETF
1066,2025-12-07,551550.OF,华夏中证AAA科技创新公司债ETF
1067,2025-12-07,551560.OF,兴业中证AAA科技创新公司债ETF
1068,2025-12-07,551580.OF,泰康中证AAA科技创新公司债ETF
1069,2025-12-07,551800.OF,国泰中证AAA科技创新公司债ETF
1070,2025-12-07,551900.OF,招商中证AAA科技创新公司债ETF
1071,2025-12-07,560000.OF,浦银安盛中证智能电动汽车ETF
1072,2025-12-07,560010.OF,广发中证1000ETF
1073,2025-12-07,560020.OF,汇添富中证红利ETF
1074,2025-12-07,560030.OF,汇添富中证800价值ETF
1075,2025-12-07,560050.OF,汇添富MSCI中国A50互联互通ETF
1076,2025-12-07,560060.OF,汇添富中证上海环交所碳中和ETF
1077,2025-12-07,560070.OF,汇添富中证国新央企股东回报ETF
1078,2025-12-07,560080.OF,汇添富中证中药ETF
1079,2025-12-07,560090.OF,汇添富中证全指证券公司ETF
1080,2025-12-07,560100.OF,南方中证500增强策略ETF
1081,2025-12-07,560110.OF,汇添富中证1000ETF
1082,2025-12-07,560120.OF,华夏中证500自由现金流ETF
1083,2025-12-07,560150.OF,泰康中证红利低波动ETF
1084,2025-12-07,560163.OF,光大中证全指医疗器械ETF
1085,2025-12-07,560170.OF,南方中证国新央企科技引领ETF
1086,2025-12-07,560180.OF,南方沪深300ESG基准ETF
1087,2025-12-07,560190.OF,鹏华中证全指公用事业ETF
1088,2025-12-07,560220.OF,广发中证2000ETF
1089,2025-12-07,560260.OF,广发中证医疗ETF
1090,2025-12-07,560280.OF,广发中证工程机械ETF
1091,2025-12-07,560300.OF,汇添富中证电信主题ETF
1092,2025-12-07,560330.OF,申万菱信沪深300价值ETF
1093,2025-12-07,560350.OF,摩根中证A50ETF
1094,2025-12-07,560360.OF,万家中证软件服务ETF
1095,2025-12-07,560380.OF,南方中证A100ETF
1096,2025-12-07,560500.OF,鹏扬中证500质量成长ETF
1097,2025-12-07,560510.OF,泰康中证A500ETF
1098,2025-12-07,560520.OF,大成中证红利低波动100ETF
1099,2025-12-07,560530.OF,摩根中证A500ETF
1100,2025-12-07,560550.OF,广发中证上海环交所碳中和ETF
1101,2025-12-07,560560.OF,泰康中证内地低碳经济主题ETF
1102,2025-12-07,560570.OF,国联安中证A500红利低波ETF
1103,2025-12-07,560580.OF,南方中证全指电力公用事业ETF
1104,2025-12-07,560590.OF,鹏华中证1000增强策略ETF
1105,2025-12-07,560610.OF,招商中证A500ETF
1106,2025-12-07,560620.OF,万家中证全指公用事业ETF
1107,2025-12-07,560630.OF,万家中证机器人ETF
1108,2025-12-07,560650.OF,民生加银中证企业核心竞争力50ETF
1109,2025-12-07,560660.OF,新华中证云计算50ETF
1110,2025-12-07,560680.OF,广发中证主要消费ETF
1111,2025-12-07,560690.OF,鹏华中证电信主题ETF
1112,2025-12-07,560700.OF,广发中证国新央企股东回报ETF
1113,2025-12-07,560750.OF,申万菱信中证A500ETF
1114,2025-12-07,560770.OF,招商中证机器人ETF
1115,2025-12-07,560780.OF,广发中证半导体材料设备主题ETF
1116,2025-12-07,560800.OF,鹏扬中证数字经济主题ETF
1117,2025-12-07,560810.OF,融通中证诚通央企ESGETF
1118,2025-12-07,560820.OF,新华中证A50ETF
1119,2025-12-07,560850.OF,汇添富中证信息技术应用创新产业ETF
1120,2025-12-07,560860.OF,万家中证工业有色金属主题ETF
1121,2025-12-07,560880.OF,广发中证全指家用电器ETF
1122,2025-12-07,560890.OF,新华中证红利低波动ETF
1123,2025-12-07,560900.OF,摩根中证创新药产业ETF
1124,2025-12-07,560950.OF,汇添富中证500增强策略ETF
1125,2025-12-07,560980.OF,广发中证光伏龙头30ETF
1126,2025-12-07,560990.OF,中金中证科技先锋ETF
1127,2025-12-07,561000.OF,华安沪深300增强策略ETF
1128,2025-12-07,561010.OF,华安中证全指软件开发ETF
1129,2025-12-07,561060.OF,华安中证国有企业红利ETF
1130,2025-12-07,561080.OF,华安中证全指自由现金流ETF
1131,2025-12-07,561090.OF,华安中证A500增强策略ETF
1132,2025-12-07,561100.OF,富国中证消费电子主题ETF
1133,2025-12-07,561120.OF,富国中证全指家用电器ETF
1134,2025-12-07,561130.OF,富国中证新华社民族品牌工程ETF
1135,2025-12-07,561160.OF,富国中证电池主题ETF
1136,2025-12-07,561170.OF,富国中证绿色电力ETF
1137,2025-12-07,561180.OF,富国中证A100ETF
1138,2025-12-07,561190.OF,富国中证上海环交所碳中和ETF
1139,2025-12-07,561200.OF,工银中证A100ETF
1140,2025-12-07,561220.OF,工银中证诚通国企数字经济ETF
1141,2025-12-07,561230.OF,工银中证A50ETF
1142,2025-12-07,561260.OF,工银中证国新央企现代能源ETF
1143,2025-12-07,561280.OF,工银中证1000增强策略ETF
1144,2025-12-07,561300.OF,国泰沪深300增强策略ETF
1145,2025-12-07,561310.OF,国泰中证消费电子主题ETF
1146,2025-12-07,561320.OF,国泰中证内地运输主题ETF
1147,2025-12-07,561330.OF,国泰中证有色金属矿业主题ETF
1148,2025-12-07,561350.OF,国泰中证500ETF
1149,2025-12-07,561360.OF,国泰中证油气产业ETF
1150,2025-12-07,561370.OF,国泰中证2000ETF
1151,2025-12-07,561380.OF,国泰恒生A股电网设备ETF
1152,2025-12-07,561500.OF,华泰柏瑞中证企业核心竞争力50ETF
1153,2025-12-07,561510.OF,华泰柏瑞中证中药ETF
1154,2025-12-07,561550.OF,华泰柏瑞中证500增强策略ETF
1155,2025-12-07,561560.OF,华泰柏瑞中证全指电力公用事业ETF
1156,2025-12-07,561570.OF,华泰柏瑞中证油气产业ETF
1157,2025-12-07,561580.OF,华泰柏瑞中证中央企业红利ETF
1158,2025-12-07,561590.OF,华泰柏瑞中证1000增强策略ETF
1159,2025-12-07,561600.OF,平安中证消费电子主题ETF
1160,2025-12-07,561660.OF,平安中证通用航空主题ETF
1161,2025-12-07,561680.OF,平安中证A500红利低波动ETF
1162,2025-12-07,561700.OF,博时中证全指电力公用事业ETF
1163,2025-12-07,561750.OF,博时中证A50ETF
1164,2025-12-07,561760.OF,博时中证油气资源ETF
1165,2025-12-07,561770.OF,博时中证A100ETF
1166,2025-12-07,561780.OF,博时中证1000增强策略ETF
1167,2025-12-07,561790.OF,博时中证国新央企现代能源ETF
1168,2025-12-07,561800.OF,华富中证稀有金属主题ETF
1169,2025-12-07,561870.OF,华富中证全指自由现金流ETF
1170,2025-12-07,561880.OF,华富中证A100ETF
1171,2025-12-07,561900.OF,招商沪深300ESG基准ETF
1172,2025-12-07,561910.OF,招商中证电池主题ETF
1173,2025-12-07,561920.OF,招商中证疫苗与生物技术ETF
1174,2025-12-07,561930.OF,招商沪深300ETF
1175,2025-12-07,561950.OF,招商中证500增强策略ETF
1176,2025-12-07,561960.OF,招商中证国新央企股东回报ETF
1177,2025-12-07,561980.OF,招商中证半导体产业ETF
1178,2025-12-07,561990.OF,招商沪深300增强策略ETF
1179,2025-12-07,562000.OF,华宝中证A100ETF
1180,2025-12-07,562010.OF,华宝中证绿色能源ETF
1181,2025-12-07,562030.OF,华宝中证信息技术应用创新产业ETF
1182,2025-12-07,562050.OF,华宝中证制药ETF
1183,2025-12-07,562060.OF,华宝标普中国A股红利机会ETF
1184,2025-12-07,562073.OF,华宝沪深300增强策略ETF
1185,2025-12-07,562080.OF,华宝沪深300自由现金流ETF
1186,2025-12-07,562300.OF,银华中证内地低碳经济主题ETF
1187,2025-12-07,562310.OF,银华沪深300成长ETF
1188,2025-12-07,562320.OF,银华沪深300价值ETF
1189,2025-12-07,562330.OF,银华中证500价值ETF
1190,2025-12-07,562340.OF,银华中证500质量成长ETF
1191,2025-12-07,562350.OF,银华中证全指电力公用事业ETF
1192,2025-12-07,562360.OF,银华中证机器人ETF
1193,2025-12-07,562380.OF,银华中证国新央企科技引领ETF
1194,2025-12-07,562390.OF,银华中证中药ETF
1195,2025-12-07,562500.OF,华夏中证机器人ETF
1196,2025-12-07,562510.OF,华夏中证旅游主题ETF
1197,2025-12-07,562520.OF,华夏中证智选1000成长创新策略ETF
1198,2025-12-07,562530.OF,华夏中证智选1000价值稳健策略ETF
1199,2025-12-07,562550.OF,华夏中证绿色电力ETF
1200,2025-12-07,562560.OF,华夏中证全指信息技术ETF
1201,2025-12-07,562570.OF,华夏中证信息技术应用创新产业ETF
1202,2025-12-07,562580.OF,华夏中证全指可选消费ETF
1203,2025-12-07,562590.OF,华夏中证半导体材料设备主题ETF
1204,2025-12-07,562600.OF,华夏中证全指医疗器械ETF
1205,2025-12-07,562660.OF,华夏中证2000ETF
1206,2025-12-07,562700.OF,华夏中证汽车零部件主题ETF
1207,2025-12-07,562800.OF,嘉实中证稀有金属主题ETF
1208,2025-12-07,562810.OF,嘉实上证综合增强策略ETF
1209,2025-12-07,562820.OF,嘉实中证全指集成电路ETF
1210,2025-12-07,562850.OF,嘉实中证国新央企现代能源ETF
1211,2025-12-07,562860.OF,嘉实中证疫苗与生物技术ETF
1212,2025-12-07,562870.OF,嘉实中证全指证券公司ETF
1213,2025-12-07,562880.OF,嘉实中证电池主题ETF
1214,2025-12-07,562890.OF,嘉实中证A50ETF
1215,2025-12-07,562900.OF,易方达中证现代农业主题ETF
1216,2025-12-07,562910.OF,易方达中证装备产业ETF
1217,2025-12-07,562920.OF,易方达中证信息安全主题ETF
1218,2025-12-07,562930.OF,易方达中证软件服务ETF
1219,2025-12-07,562950.OF,易方达中证消费电子主题ETF
1220,2025-12-07,562960.OF,易方达中证绿色电力ETF
1221,2025-12-07,562970.OF,易方达中证光伏产业ETF
1222,2025-12-07,562990.OF,易方达中证上海环交所碳中和ETF
1223,2025-12-07,563000.OF,易方达MSCI中国A50互联互通ETF
1224,2025-12-07,563010.OF,易方达中证电信主题ETF
1225,2025-12-07,563020.OF,易方达中证红利低波动ETF
1226,2025-12-07,563030.OF,易方达中证500增强策略ETF
1227,2025-12-07,563050.OF,易方达中证国新央企科技引领ETF
1228,2025-12-07,563060.OF,易方达中证国资央企50ETF
1229,2025-12-07,563080.OF,易方达中证A50ETF
1230,2025-12-07,563090.OF,易方达上证50增强策略ETF
1231,2025-12-07,563150.OF,银华中证油气资源ETF
1232,2025-12-07,563180.OF,银华中证高股息策略ETF
1233,2025-12-07,563200.OF,富国中证2000ETF
1234,2025-12-07,563210.OF,富国恒生A股专精特新企业ETF
1235,2025-12-07,563220.OF,富国中证A500ETF
1236,2025-12-07,563230.OF,富国中证卫星产业ETF
1237,2025-12-07,563280.OF,富国MSCI中国A50互联互通增强策略ETF
1238,2025-12-07,563300.OF,华泰柏瑞中证2000ETF
1239,2025-12-07,563320.OF,华泰柏瑞中证通用航空主题ETF
1240,2025-12-07,563330.OF,华泰柏瑞中证A股ETF
1241,2025-12-07,563350.OF,华泰柏瑞中证A50ETF
1242,2025-12-07,563360.OF,华泰柏瑞中证A500ETF
1243,2025-12-07,563380.OF,华泰柏瑞中证全指航空航天ETF
1244,2025-12-07,563390.OF,华泰柏瑞中证全指自由现金流ETF
1245,2025-12-07,563500.OF,华宝中证A500ETF
1246,2025-12-07,563510.OF,易方达中证A500红利低波动ETF
1247,2025-12-07,563520.OF,永赢沪深300ETF
1248,2025-12-07,563530.OF,易方达中证卫星产业ETF
1249,2025-12-07,563550.OF,摩根中证A500增强策略ETF
1250,2025-12-07,563563.OF,兴业中证科技优势成长50策略ETF
1251,2025-12-07,563570.OF,兴业中证金融科技主题ETF
1252,2025-12-07,563580.OF,万家中证800自由现金流ETF
1253,2025-12-07,563590.OF,国寿安保中证A500红利低波动ETF
1254,2025-12-07,563600.OF,易方达中证A500增强策略ETF
1255,2025-12-07,563620.OF,兴业中证全指自由现金流ETF
1256,2025-12-07,563630.OF,国联安中证A500增强策略ETF
1257,2025-12-07,563650.OF,兴业中证A500ETF
1258,2025-12-07,563660.OF,银河中证A500ETF
1259,2025-12-07,563670.OF,鹏华中证金融科技主题ETF
1260,2025-12-07,563680.OF,汇添富中证800自由现金流ETF
1261,2025-12-07,563690.OF,永赢中证红利低波动ETF
1262,2025-12-07,563700.OF,易方达中证红利价值ETF
1263,2025-12-07,563750.OF,汇添富中证500ETF
1264,2025-12-07,563760.OF,中银中证全指自由现金流ETF
1265,2025-12-07,563770.OF,招商中证全指自由现金流ETF
1266,2025-12-07,563780.OF,方正富邦中证全指自由现金流ETF
1267,2025-12-07,563793.OF,鹏华中证卫星产业ETF
1268,2025-12-07,563800.OF,广发中证A500ETF
1269,2025-12-07,563830.OF,博时中证全指自由现金流ETF
1270,2025-12-07,563853.OF,广发中证全指食品ETF
1271,2025-12-07,563860.OF,海富通中证A500ETF
1272,2025-12-07,563873.OF,鹏华中证通用航空主题ETF
1273,2025-12-07,563880.OF,汇添富中证A500ETF
1274,2025-12-07,563890.OF,创金合信中证国有企业红利ETF
1275,2025-12-07,563900.OF,摩根沪深300自由现金流ETF
1276,2025-12-07,563933.OF,招商上证综合增强策略ETF
1277,2025-12-07,563960.OF,兴全沪深300质量ETF
1278,2025-12-07,563980.OF,鑫元中证800红利低波动ETF
1279,2025-12-07,563990.OF,富国中证800自由现金流ETF
1280,2025-12-07,588000.OF,华夏上证科创板50ETF
1281,2025-12-07,588010.OF,博时上证科创板新材料ETF
1282,2025-12-07,588020.OF,易方达上证科创板成长ETF
1283,2025-12-07,588030.OF,博时上证科创板100ETF
1284,2025-12-07,588040.OF,鹏华上证科创板50成份ETF
1285,2025-12-07,588050.OF,工银上证科创板50ETF
1286,2025-12-07,588060.OF,广发上证科创板50ETF
1287,2025-12-07,588070.OF,万家上证科创板成长ETF
1288,2025-12-07,588080.OF,易方达上证科创板50ETF
1289,2025-12-07,588090.OF,华泰柏瑞上证科创板50ETF
1290,2025-12-07,588100.OF,嘉实上证科创板新一代信息技术ETF
1291,2025-12-07,588110.OF,广发上证科创板成长ETF
1292,2025-12-07,588120.OF,国泰上证科创板100ETF
1293,2025-12-07,588130.OF,华夏上证科创板生物医药ETF
1294,2025-12-07,588140.OF,广发上证科创板200ETF
1295,2025-12-07,588150.OF,南方上证科创板50成份ETF
1296,2025-12-07,588160.OF,南方上证科创板新材料ETF
1297,2025-12-07,588170.OF,华夏上证科创板半导体材料设备主题ETF
1298,2025-12-07,588180.OF,国联安上证科创板50ETF
1299,2025-12-07,588190.OF,银华上证科创板100ETF
1300,2025-12-07,588200.OF,嘉实上证科创板芯片ETF
1301,2025-12-07,588210.OF,易方达上证科创板100ETF
1302,2025-12-07,588220.OF,鹏华上证科创板100ETF
1303,2025-12-07,588230.OF,华泰柏瑞上证科创板200ETF
1304,2025-12-07,588240.OF,鹏华上证科创板200ETF
1305,2025-12-07,588250.OF,鹏华上证科创板生物医药ETF
1306,2025-12-07,588260.OF,华安上证科创板新一代信息技术ETF
1307,2025-12-07,588270.OF,易方达上证科创板200ETF
1308,2025-12-07,588280.OF,华安上证科创板50ETF
1309,2025-12-07,588290.OF,华安上证科创板芯片ETF
1310,2025-12-07,588300.OF,招商中证科创创业50ETF
1311,2025-12-07,588310.OF,方正富邦中证科创创业50ETF
1312,2025-12-07,588320.OF,广发中证科创创业50增强策略ETF
1313,2025-12-07,588330.OF,华宝中证科创创业50ETF
1314,2025-12-07,588350.OF,鹏扬中证科创创业50ETF
1315,2025-12-07,588360.OF,国泰中证科创创业50ETF
1316,2025-12-07,588370.OF,南方上证科创板50成份增强策略ETF
1317,2025-12-07,588380.OF,富国中证科创创业50ETF
1318,2025-12-07,588390.OF,博时中证科创创业50ETF
1319,2025-12-07,588400.OF,嘉实中证科创创业50ETF
1320,2025-12-07,588413.OF,鹏华中证科创创业人工智能ETF
1321,2025-12-07,588423.OF,摩根中证科创创业人工智能ETF
1322,2025-12-07,588433.OF,工银中证科创创业人工智能ETF
1323,2025-12-07,588450.OF,招商上证科创板50成份增强策略ETF
1324,2025-12-07,588460.OF,鹏华上证科创板50成份增强策略ETF
1325,2025-12-07,588500.OF,易方达上证科创板100增强策略ETF
1326,2025-12-07,588520.OF,永赢上证科创板综合价格增强策略ETF
1327,2025-12-07,588550.OF,易方达上证科创板综合增强策略ETF
1328,2025-12-07,588660.OF,兴银中证科创创业50ETF
1329,2025-12-07,588670.OF,嘉实上证科创板综合增强策略ETF
1330,2025-12-07,588680.OF,广发上证科创板100增强策略ETF
1331,2025-12-07,588690.OF,银华上证科创板综合增强策略ETF
1332,2025-12-07,588700.OF,嘉实上证科创板生物医药ETF
1333,2025-12-07,588710.OF,华泰柏瑞上证科创板半导体材料设备主题ETF
1334,2025-12-07,588720.OF,中银上证科创板50成份ETF
1335,2025-12-07,588730.OF,易方达上证科创板人工智能ETF
1336,2025-12-07,588750.OF,汇添富上证科创板芯片ETF
1337,2025-12-07,588760.OF,广发上证科创板人工智能ETF
1338,2025-12-07,588770.OF,摩根上证科创板新一代信息技术ETF
1339,2025-12-07,588780.OF,国联安科创芯片设计ETF
1340,2025-12-07,588790.OF,博时科创板人工智能ETF
1341,2025-12-07,588800.OF,华夏上证科创板100ETF
1342,2025-12-07,588810.OF,富国上证科创板芯片ETF
1343,2025-12-07,588820.OF,华夏上证科创板200ETF
1344,2025-12-07,588830.OF,鹏华上证科创板新能源ETF
1345,2025-12-07,588840.OF,万家上证科创板50成份ETF
1346,2025-12-07,588850.OF,嘉实上证科创板工业机械ETF
1347,2025-12-07,588860.OF,工银上证科创板生物医药ETF
1348,2025-12-07,588870.OF,汇添富上证科创板50成份ETF
1349,2025-12-07,588880.OF,华泰柏瑞上证科创板100ETF
1350,2025-12-07,588890.OF,南方上证科创板芯片ETF
1351,2025-12-07,588900.OF,南方上证科创板100ETF
1352,2025-12-07,588910.OF,建信上证智选科创板创新价值ETF
1353,2025-12-07,588920.OF,鹏华上证科创板芯片ETF
1354,2025-12-07,588930.OF,银华上证科创板人工智能ETF
1355,2025-12-07,588940.OF,富国上证科创板50成份ETF
1356,2025-12-07,588950.OF,景顺长城上证科创板50成份ETF
1357,2025-12-07,588960.OF,富国上证科创板新能源ETF
1358,2025-12-07,588980.OF,广发上证科创板100ETF
1359,2025-12-07,588990.OF,博时上证科创板芯片ETF
1360,2025-12-07,589000.OF,华夏上证科创板综合ETF
1361,2025-12-07,589010.OF,华夏上证科创板人工智能ETF
1362,2025-12-07,589020.OF,鹏华科创板半导体材料设备主题ETF
1363,2025-12-07,589050.OF,兴业上证科创板综合价格ETF
1364,2025-12-07,589060.OF,东财上证科创板综合价格ETF
1365,2025-12-07,589073.OF,天弘上证科创板芯片设计主题ETF
1366,2025-12-07,589080.OF,汇添富上证科创板综合ETF
1367,2025-12-07,589090.OF,鹏华上证科创板人工智能ETF
1368,2025-12-07,589100.OF,国泰上证科创板芯片ETF
1369,2025-12-07,589110.OF,国泰上证科创板人工智能ETF
1370,2025-12-07,589120.OF,汇添富上证科创板创新药ETF
1371,2025-12-07,589133.OF,易方达上证科创板芯片ETF
1372,2025-12-07,589153.OF,平安上证科创板50成份ETF
1373,2025-12-07,589180.OF,汇添富上证科创板新材料ETF
1374,2025-12-07,589200.OF,工银上证科创板200ETF
1375,2025-12-07,589213.OF,广发上证科创板芯片设计主题ETF
1376,2025-12-07,589300.OF,嘉实上证科创板综合ETF
1377,2025-12-07,589380.OF,富国上证科创板人工智能ETF
1378,2025-12-07,589500.OF,工银上证科创板综合价格ETF
1379,2025-12-07,589520.OF,华宝上证科创板人工智能ETF
1380,2025-12-07,589550.OF,华夏上证智选科创板价值50策略ETF
1381,2025-12-07,589560.OF,汇添富上证科创板人工智能ETF
1382,2025-12-07,589580.OF,兴银上证科创板综合价格ETF
1383,2025-12-07,589600.OF,富国上证科创板综合价格ETF
1384,2025-12-07,589630.OF,国泰上证科创板综合ETF
1385,2025-12-07,589660.OF,南方上证科创板综合ETF
1386,2025-12-07,589680.OF,鹏华上证科创板综合ETF
1387,2025-12-07,589700.OF,南方上证科创板成长ETF
1388,2025-12-07,589720.OF,国泰上证科创板创新药ETF
1389,2025-12-07,589770.OF,招商上证科创板综合ETF
1390,2025-12-07,589780.OF,富国上证科创板200ETF
1391,2025-12-07,589800.OF,易方达上证科创板综合ETF
1392,2025-12-07,589820.OF,建信上证科创板200ETF
1393,2025-12-07,589850.OF,东财上证科创板50成份ETF
1394,2025-12-07,589860.OF,天弘上证科创板综合ETF
1395,2025-12-07,589880.OF,建信上证科创板综合ETF
1396,2025-12-07,589890.OF,景顺长城上证科创板综合价格ETF
1397,2025-12-07,589900.OF,博时科创综指ETF
1398,2025-12-07,589950.OF,富国上证科创板100ETF
1399,2025-12-07,589960.OF,易方达上证科创板新能源ETF
1400,2025-12-07,589980.OF,汇添富上证科创板100ETF
1401,2025-12-07,589990.OF,华泰柏瑞上证科创板综合ETF
